Subject,Class,LanguageGroup,HLC,NumberOfLanguages,Language1,Language2,LanguageOther1,LanguageOther2
A_PLF_1,A,Bilingual group French,yes,2,P,F,NA,NA
A_PLF_10,A,Bilingual group French,yes,2,P,F,NA,NA
A_PLF_12,A,Bilingual group French,yes,2,P,F,NA,NA
A_PLF_13,A,Bilingual group French,yes,2,P,F,NA,NA
A_PLF_14,A,Bilingual group French,yes,2,P,F,NA,NA
A_PLF_15,A,Bilingual group French,yes,NA,NA,NA,NA,NA
A_PLF_16,A,Bilingual group French,yes,2,P,F,NA,NA
A_PLF_17,A,Bilingual group French,yes,NA,NA,NA,NA,NA
A_PLF_19,A,Bilingual group French,yes,3,P,F,D,NA
A_PLF_2,A,Bilingual group French,yes,2,P,F,NA,NA
A_PLF_3,A,Bilingual group French,yes,2,P,F,NA,NA
A_PLF_4,A,Bilingual group French,yes,3,P,F,E,D
A_PLF_5,A,Bilingual group French,yes,2,P,F,D,NA
A_PLF_6,A,Bilingual group French,yes,NA,NA,NA,NA,NA
A_PLF_7,A,Bilingual group French,yes,2,P,F,NA,NA
A_PLF_8,A,Bilingual group French,yes,2,P,F,E,NA
A_PLF_9,A,Bilingual group French,yes,2,P,F,NA,NA
AA_PLF_1,AA,Bilingual group French,yes,NA,NA,NA,NA,NA
AA_PLF_10,AA,Bilingual group French,yes,2,P,F,NA,NA
AA_PLF_11,AA,Bilingual group French,yes,NA,NA,NA,NA,NA
AA_PLF_12,AA,Bilingual group French,yes,2,P,F,NA,NA
AA_PLF_13,AA,Bilingual group French,yes,2,P,F,NA,NA
AA_PLF_2,AA,Bilingual group French,yes,2,F,P,NA,NA
AA_PLF_3,AA,Bilingual group French,yes,2,P,F,NA,NA
AA_PLF_4,AA,Bilingual group French,yes,NA,NA,NA,NA,NA
AA_PLF_5,AA,Bilingual group French,yes,2,P,F,NA,NA
AA_PLF_6,AA,Bilingual group French,yes,2,P,F,NA,NA
AA_PLF_7,AA,Bilingual group French,yes,2,P,F,NA,NA
AA_PLF_8,AA,Bilingual group French,yes,2,P,F,NA,NA
AA_PLF_9,AA,Bilingual group French,yes,2,P,F,NA,NA
AB_PLD_1,AB,Bilingual group German,yes,NA,NA,NA,NA,NA
AB_PLD_2,AB,Bilingual group German,yes,2,P,D,NA,NA
AB_PLD_3,AB,Bilingual group German,yes,3,P,CH-D,Es,NA
AB_PLD_4,AB,Bilingual group German,yes,2,P,D,Es,NA
AB_PLD_5,AB,Bilingual group German,yes,2,P,D,NA,NA
AB_PLD_6,AB,Bilingual group German,yes,2,P,D,NA,NA
AB_PLD_7,AB,Bilingual group German,yes,2,P,D,NA,NA
AB_PLD_8,AB,Bilingual group German,yes,2,P,D,NA,NA
AC_PLD_1,AC,Bilingual group German,yes,2,P,CH-D,NA,NA
AC_PLD_2,AC,Bilingual group German,yes,2,P,D,NA,NA
AC_PLD_3,AC,Bilingual group German,yes,2,P,D,NA,NA
AC_PLD_4,AC,Bilingual group German,yes,2,P,CH-D,NA,NA
AC_PLD_5,AC,Bilingual group German,yes,2,P,D,NA,NA
AC_PLD_6,AC,Bilingual group German,yes,NA,NA,NA,NA,NA
AC_PLD_7,AC,Bilingual group German,yes,2,P,D,NA,NA
AC_PLD_8,AC,Bilingual group German,yes,2,P,D,NA,NA
AD_PLF_1,AD,Bilingual group French,yes,NA,NA,NA,NA,NA
AD_PLF_10,AD,Bilingual group French,yes,2,P,F,NA,NA
AD_PLF_11,AD,Bilingual group French,yes,2,P,F,NA,NA
AD_PLF_12,AD,Bilingual group French,yes,2,F,P,NA,NA
AD_PLF_13,AD,Bilingual group French,yes,2,P,F,NA,NA
AD_PLF_14,AD,Bilingual group French,yes,2,P,F,NA,NA
AD_PLF_15,AD,Bilingual group French,yes,2,P,F,NA,NA
AD_PLF_16,AD,Bilingual group French,yes,2,P,F,NA,NA
AD_PLF_17,AD,Bilingual group French,yes,2,P,F,NA,NA
AD_PLF_18,AD,Bilingual group French,yes,2,P,F,NA,NA
AD_PLF_19,AD,Bilingual group French,yes,2,P,F,NA,NA
AD_PLF_2,AD,Bilingual group French,yes,2,P,F,NA,NA
AD_PLF_20,AD,Bilingual group French,yes,2,P,F,NA,NA
AD_PLF_21,AD,Bilingual group French,yes,2,F,P,NA,NA
AD_PLF_22,AD,Bilingual group French,yes,2,P,F,NA,NA
AD_PLF_23,AD,Bilingual group French,yes,NA,NA,NA,NA,NA
AD_PLF_24,AD,Bilingual group French,yes,2,P,F,NA,NA
AD_PLF_25,AD,Bilingual group French,yes,2,P,F,NA,NA
AD_PLF_26,AD,Bilingual group French,yes,2,P,F,NA,NA
AD_PLF_27,AD,Bilingual group French,yes,2,P,F,NA,NA
AD_PLF_28,AD,Bilingual group French,yes,2,P,F,NA,NA
AD_PLF_3,AD,Bilingual group French,yes,NA,NA,NA,NA,NA
AD_PLF_4,AD,Bilingual group French,yes,2,P,F,NA,NA
AD_PLF_6,AD,Bilingual group French,yes,2,P,F,NA,NA
AD_PLF_7,AD,Bilingual group French,yes,NA,NA,NA,NA,NA
AD_PLF_8,AD,Bilingual group French,yes,2,P,F,NA,NA
AD_PLF_9,AD,Bilingual group French,yes,2,P,F,NA,NA
AE_PLF_1,AE,Bilingual group French,yes,3,F,P,I,NA
AE_PLF_2,AE,Bilingual group French,yes,2,P,F,NA,NA
AE_PLF_4,AE,Bilingual group French,yes,2,P,F,NA,NA
AE_PLF_5,AE,Bilingual group French,yes,2,P,F,NA,NA
AE_PLF_6,AE,Bilingual group French,yes,3,F,P,I,NA
AF_PLD_1,AF,Bilingual group German,yes,3,P,D,F,NA
AF_PLD_2,AF,Bilingual group German,yes,2,D,P,F,NA
AG_PLD_1,AG,Bilingual group German,yes,3,P,D,F,NA
AG_PLD_2,AG,Bilingual group German,yes,2,P,D,NA,NA
AI_CP_10,AI,Control group Portuguese,no,NA,NA,NA,NA,NA
AI_CP_11,AI,Control group Portuguese,no,1,P,NA,NA,NA
AI_CP_12,AI,Control group Portuguese,no,1,P,NA,NA,NA
AI_CP_14,AI,Control group Portuguese,no,1,P,NA,NA,NA
AI_CP_15,AI,Control group Portuguese,no,1,P,NA,NA,NA
AI_CP_16,AI,Control group Portuguese,no,1,P,NA,NA,NA
AI_CP_17,AI,Control group Portuguese,no,1,P,NA,NA,NA
AI_CP_18,AI,Control group Portuguese,no,NA,NA,NA,NA,NA
AI_CP_19,AI,Control group Portuguese,no,1,P,NA,NA,NA
AI_CP_2,AI,Control group Portuguese,no,2,P,E,NA,NA
AI_CP_3,AI,Control group Portuguese,no,2,P,Es,NA,NA
AI_CP_4,AI,Control group Portuguese,no,1,P,NA,NA,NA
AI_CP_5,AI,Control group Portuguese,no,1,P,NA,NA,NA
AI_CP_6,AI,Control group Portuguese,no,1,P,NA,NA,NA
AI_CP_7,AI,Control group Portuguese,no,1,P,NA,NA,NA
AI_CP_8,AI,Control group Portuguese,no,1,P,NA,NA,NA
AI_CP_9,AI,Control group Portuguese,no,1,P,NA,NA,NA
AJ_CP_1,AJ,Control group Portuguese,no,NA,NA,NA,NA,NA
AJ_CP_10,AJ,Control group Portuguese,no,1,P,NA,NA,NA
AJ_CP_11,AJ,Control group Portuguese,no,1,P,NA,NA,NA
AJ_CP_12,AJ,Control group Portuguese,no,NA,NA,NA,NA,NA
AJ_CP_13,AJ,Control group Portuguese,no,1,P,NA,NA,NA
AJ_CP_14,AJ,Control group Portuguese,no,1,P,NA,NA,NA
AJ_CP_15,AJ,Control group Portuguese,no,1,P,NA,NA,NA
AJ_CP_17,AJ,Control group Portuguese,no,1,P,NA,NA,NA
AJ_CP_18,AJ,Control group Portuguese,no,2,P,E,NA,NA
AJ_CP_19,AJ,Control group Portuguese,no,1,P,NA,NA,NA
AJ_CP_2,AJ,Control group Portuguese,no,1,P,NA,NA,NA
AJ_CP_20,AJ,Control group Portuguese,no,1,P,NA,NA,NA
AJ_CP_21,AJ,Control group Portuguese,no,1,P,NA,NA,NA
AJ_CP_23,AJ,Control group Portuguese,no,1,P,NA,NA,NA
AJ_CP_24,AJ,Control group Portuguese,no,1,P,NA,NA,NA
AJ_CP_3,AJ,Control group Portuguese,no,1,P,NA,NA,NA
AJ_CP_5,AJ,Control group Portuguese,no,1,P,NA,NA,NA
AJ_CP_7,AJ,Control group Portuguese,no,2,P,E,NA,NA
AJ_CP_8,AJ,Control group Portuguese,no,1,P,NA,NA,NA
AK_CP_1,AK,Control group Portuguese,no,1,P,NA,NA,NA
AK_CP_12,AK,Control group Portuguese,no,1,P,NA,NA,NA
AK_CP_13,AK,Control group Portuguese,no,1,P,NA,NA,NA
AK_CP_15,AK,Control group Portuguese,no,1,P,NA,NA,NA
AK_CP_16,AK,Control group Portuguese,no,1,P,NA,NA,NA
AK_CP_17,AK,Control group Portuguese,no,1,P,NA,NA,NA
AK_CP_19,AK,Control group Portuguese,no,1,P,NA,NA,NA
AK_CP_2,AK,Control group Portuguese,no,NA,NA,NA,NA,NA
AK_CP_21,AK,Control group Portuguese,no,1,P,NA,NA,NA
AK_CP_22,AK,Control group Portuguese,no,1,P,NA,NA,NA
AK_CP_23,AK,Control group Portuguese,no,1,P,NA,NA,NA
AK_CP_25,AK,Control group Portuguese,no,1,P,NA,NA,NA
AK_CP_3,AK,Control group Portuguese,no,1,P,NA,NA,NA
AK_CP_5,AK,Control group Portuguese,no,1,P,NA,NA,NA
AK_CP_6,AK,Control group Portuguese,no,1,P,NA,NA,NA
AK_CP_7,AK,Control group Portuguese,no,1,P,NA,NA,NA
AK_CP_8,AK,Control group Portuguese,no,1,P,NA,NA,NA
AK_CP_9,AK,Control group Portuguese,no,1,P,NA,NA,NA
AL_CP_1,AL,Control group Portuguese,no,NA,NA,NA,NA,NA
AL_CP_10,AL,Control group Portuguese,no,1,P,NA,NA,NA
AL_CP_11,AL,Control group Portuguese,no,1,P,NA,NA,NA
AL_CP_12,AL,Control group Portuguese,no,1,P,NA,NA,NA
AL_CP_13,AL,Control group Portuguese,no,NA,NA,NA,NA,NA
AL_CP_14,AL,Control group Portuguese,no,1,P,NA,NA,NA
AL_CP_15,AL,Control group Portuguese,no,2,P,mol,NA,NA
AL_CP_16,AL,Control group Portuguese,no,1,P,NA,NA,NA
AL_CP_17,AL,Control group Portuguese,no,1,P,NA,NA,NA
AL_CP_18,AL,Control group Portuguese,no,1,P,NA,NA,NA
AL_CP_19,AL,Control group Portuguese,no,1,P,NA,NA,NA
AL_CP_2,AL,Control group Portuguese,no,1,P,NA,NA,NA
AL_CP_20,AL,Control group Portuguese,no,1,P,NA,NA,NA
AL_CP_21,AL,Control group Portuguese,no,1,P,NA,NA,NA
AL_CP_22,AL,Control group Portuguese,no,1,P,NA,NA,NA
AL_CP_23,AL,Control group Portuguese,no,1,P,NA,NA,NA
AL_CP_24,AL,Control group Portuguese,no,NA,NA,NA,NA,NA
AL_CP_3,AL,Control group Portuguese,no,1,P,NA,NA,NA
AL_CP_4,AL,Control group Portuguese,no,1,P,NA,NA,NA
AL_CP_5,AL,Control group Portuguese,no,2,P,E,NA,NA
AL_CP_6,AL,Control group Portuguese,no,1,P,NA,NA,NA
AL_CP_7,AL,Control group Portuguese,no,1,P,NA,NA,NA
AL_CP_8,AL,Control group Portuguese,no,1,P,NA,NA,NA
AL_CP_9,AL,Control group Portuguese,no,1,P,NA,NA,NA
C_PLF_1,C,Bilingual group French,yes,2,F,P,NA,NA
C_PLF_16,C,Bilingual group French,yes,2,F,P,NA,NA
C_PLF_19,C,Bilingual group French,yes,2,P,F,NA,NA
C_PLF_30,C,Bilingual group French,yes,2,F,P,NA,NA
C_PLF_7,C,Bilingual group French,yes,2,F,P,NA,NA
D_PLF_1,D,Bilingual group French,yes,2,F,P,NA,NA
D_PLF_10,D,Bilingual group French,yes,2,P,F,NA,NA
D_PLF_2,D,Bilingual group French,yes,2,P,F,NA,NA
D_PLF_3,D,Bilingual group French,yes,2,P,F,NA,NA
D_PLF_4,D,Bilingual group French,yes,2,P,F,NA,NA
D_PLF_5,D,Bilingual group French,yes,NA,NA,NA,NA,NA
D_PLF_6,D,Bilingual group French,yes,NA,NA,NA,NA,NA
D_PLF_7,D,Bilingual group French,yes,2,P,F,NA,NA
D_PLF_8,D,Bilingual group French,yes,2,P,F,NA,NA
D_PLF_9,D,Bilingual group French,yes,2,P,F,NA,NA
E_PLD_1,E,Bilingual group German,yes,2,P,D,NA,NA
E_PLD_10,E,Bilingual group German,yes,2,P,D,NA,NA
E_PLD_11,E,Bilingual group German,yes,NA,NA,NA,NA,NA
E_PLD_12,E,Bilingual group German,yes,NA,NA,NA,NA,NA
E_PLD_13,E,Bilingual group German,yes,2,P,D,NA,NA
E_PLD_14,E,Bilingual group German,yes,2,P,D,NA,NA
E_PLD_15,E,Bilingual group German,yes,2,P,D,Es,E
E_PLD_16,E,Bilingual group German,yes,2,P,D,NA,NA
E_PLD_18,E,Bilingual group German,yes,2,P,D,E,NA
E_PLD_2,E,Bilingual group German,yes,2,P,D,I,NA
E_PLD_3,E,Bilingual group German,yes,2,P,D,NA,NA
E_PLD_4,E,Bilingual group German,yes,2,P,D,I,NA
E_PLD_5,E,Bilingual group German,yes,2,P,D,NA,NA
E_PLD_6,E,Bilingual group German,yes,2,P,D,NA,NA
E_PLD_7,E,Bilingual group German,yes,2,P,D,NA,NA
E_PLD_8,E,Bilingual group German,yes,2,P,D,I,NA
E_PLD_9,E,Bilingual group German,yes,2,P,D,NA,NA
F_PLD_3,F,Bilingual group German,yes,NA,NA,NA,NA,NA
F_PLD_4,F,Bilingual group German,yes,2,P,D,NA,NA
F_PLD_5,F,Bilingual group German,yes,2,P,D,NA,NA
F_PLD_6,F,Bilingual group German,yes,2,P,D,NA,NA
F_PLD_7,F,Bilingual group German,yes,2,P,D,NA,NA
F_PLD_8,F,Bilingual group German,yes,2,P,D,NA,NA
F_PLD_9,F,Bilingual group German,yes,2,P,D,NA,NA
H_PLD_11,H,Bilingual group German,yes,NA,NA,NA,NA,NA
H_PLD_12,H,Bilingual group German,yes,2,P,D,NA,NA
H_PLD_2,H,Bilingual group German,yes,2,P,D,NA,NA
H_PLD_4,H,Bilingual group German,yes,NA,NA,NA,NA,NA
H_PLD_5,H,Bilingual group German,yes,NA,NA,NA,NA,NA
H_PLD_6,H,Bilingual group German,yes,2,P,D,NA,NA
H_PLD_7,H,Bilingual group German,yes,3,P,D,I,NA
H_PLD_9,H,Bilingual group German,yes,2,P,D,NA,NA
I_PLD_3,I,Bilingual group German,yes,2,P,D,NA,NA
I_PLD_4,I,Bilingual group German,yes,2,P,D,NA,NA
J_PLD_1,J,Bilingual group German,yes,2,P,D,NA,NA
J_PLD_2,J,Bilingual group German,yes,NA,NA,NA,NA,NA
J_PLD_4,J,Bilingual group German,yes,2,P,D,NA,NA
J_PLD_5,J,Bilingual group German,yes,2,P,D,NA,NA
J_PLD_6,J,Bilingual group German,yes,2,P,D,NA,NA
J_PLD_8,J,Bilingual group German,yes,2,P,D,NA,NA
L_PLD_1,L,Bilingual group German,yes,2,P,D,NA,NA
L_PLD_10,L,Bilingual group German,yes,NA,NA,NA,NA,NA
L_PLD_11,L,Bilingual group German,yes,NA,NA,NA,NA,NA
L_PLD_13,L,Bilingual group German,yes,NA,NA,NA,NA,NA
L_PLD_14,L,Bilingual group German,yes,2,P,D,NA,NA
L_PLD_16,L,Bilingual group German,yes,2,P,D,NA,NA
L_PLD_17,L,Bilingual group German,yes,NA,NA,NA,NA,NA
L_PLD_18,L,Bilingual group German,yes,2,P,D,NA,NA
L_PLD_19,L,Bilingual group German,yes,2,P,D,NA,NA
L_PLD_2,L,Bilingual group German,yes,2,P,D,NA,NA
L_PLD_3,L,Bilingual group German,yes,NA,NA,NA,NA,NA
L_PLD_4,L,Bilingual group German,yes,2,P,D,NA,NA
L_PLD_5,L,Bilingual group German,yes,2,P,D,NA,NA
L_PLD_6,L,Bilingual group German,yes,2,P,D,NA,NA
L_PLD_7,L,Bilingual group German,yes,NA,NA,NA,NA,NA
L_PLD_8,L,Bilingual group German,yes,NA,NA,NA,NA,NA
L_PLD_9,L,Bilingual group German,yes,NA,NA,NA,NA,NA
M_PLD_1,M,Bilingual group German,yes,2,P,CHD,D,NA
M_PLD_10,M,Bilingual group German,yes,NA,NA,NA,NA,NA
M_PLD_11,M,Bilingual group German,yes,2,P,D,NA,NA
M_PLD_12,M,Bilingual group German,yes,NA,NA,NA,NA,NA
M_PLD_13,M,Bilingual group German,yes,2,P,D,NA,NA
M_PLD_14,M,Bilingual group German,yes,2,P,D,NA,NA
M_PLD_16,M,Bilingual group German,yes,2,P,CHD,D,NA
M_PLD_2,M,Bilingual group German,yes,2,P,D,NA,NA
M_PLD_3,M,Bilingual group German,yes,3,P,D,I,NA
M_PLD_4,M,Bilingual group German,yes,2,P,D,NA,NA
M_PLD_5,M,Bilingual group German,yes,NA,NA,NA,NA,NA
M_PLD_6,M,Bilingual group German,yes,NA,NA,NA,NA,NA
M_PLD_7,M,Bilingual group German,yes,2,P,D,NA,NA
M_PLD_8,M,Bilingual group German,yes,2,P,D,NA,NA
M_PLD_9,M,Bilingual group German,yes,2,P,D,NA,NA
N_CD_1,N,Control group German,no,1,CH-D,NA,NA,NA
N_CD_10,N,Control group German,no,NA,NA,NA,NA,NA
N_CD_11,N,Control group German,no,1,CH-D,NA,NA,NA
N_CD_12,N,Control group German,no,1,CH-D,NA,NA,NA
N_CD_13,N,Control group German,no,1,CH-D,NA,NA,NA
N_CD_14,N,Control group German,no,NA,NA,NA,NA,NA
N_CD_16,N,Control group German,no,2,D,D,NA,NA
N_CD_17,N,Control group German,no,1,CH-D,D,NA,NA
N_CD_18,N,Control group German,no,2,D,Ta,NA,NA
N_CD_19,N,Control group German,no,1,CH-D,NA,NA,NA
N_CD_2,N,Control group German,no,1,CH-D,E,NA,NA
N_CD_20,N,Control group German,no,1,CH-D,NA,NA,NA
N_CD_21,N,Control group German,no,1,CH-D,Sp,NA,NA
N_CD_3,N,Control group German,no,2,Bos,D,NA,NA
N_CD_4,N,Control group German,no,1,CH-D,NA,NA,NA
N_CD_5,N,Control group German,no,1,CH-D,Rom,NA,NA
N_CD_6,N,Control group German,no,1,CH-D,E,NA,NA
N_CD_7,N,Control group German,no,1,CH-D,รถ-D,NA,NA
N_CD_8,N,Control group German,no,1,CH-D,I,NA,NA
N_CD_9,N,Control group German,no,1,vora-D,D,NA,NA
O_PLD_1,O,Bilingual group German,yes,2,CH-D,P,NA,NA
O_PLD_10,O,Bilingual group German,yes,2,P,D,NA,NA
O_PLD_11,O,Bilingual group German,yes,3,P,D,I,NA
O_PLD_13,O,Bilingual group German,yes,NA,NA,NA,NA,NA
O_PLD_16,O,Bilingual group German,yes,2,P,CH-D,NA,NA
O_PLD_17,O,Bilingual group German,yes,2,P,CH-D,NA,NA
O_PLD_19,O,Bilingual group German,yes,2,P,D,NA,NA
O_PLD_2,O,Bilingual group German,yes,2,P,D,NA,NA
O_PLD_20,O,Bilingual group German,yes,2,P,D,NA,NA
O_PLD_21,O,Bilingual group German,yes,2,P,D,NA,NA
O_PLD_3,O,Bilingual group German,yes,NA,NA,NA,NA,NA
O_PLD_4,O,Bilingual group German,yes,NA,NA,NA,NA,NA
O_PLD_5,O,Bilingual group German,yes,NA,NA,NA,NA,NA
O_PLD_6,O,Bilingual group German,yes,2,P,D,NA,NA
O_PLD_7,O,Bilingual group German,yes,NA,NA,NA,NA,NA
O_PLD_8,O,Bilingual group German,yes,2,P,D,NA,NA
O_PLD_9,O,Bilingual group German,yes,2,P,D,NA,NA
P_CF_1,P,Control group French,no,NA,NA,NA,NA,NA
P_CF_10,P,Control group French,no,1,F,NA,NA,NA
P_CF_11,P,Control group French,no,NA,NA,NA,NA,NA
P_CF_12,P,Control group French,no,1,F,NA,NA,NA
P_CF_17,P,Control group French,no,2,D,F,NA,NA
P_CF_2,P,Control group French,no,NA,NA,NA,NA,NA
P_CF_3,P,Control group French,no,3,P,F,Creo,NA
P_CF_4,P,Control group French,no,NA,NA,NA,NA,NA
P_CF_5,P,Control group French,no,NA,NA,NA,NA,NA
P_CF_6,P,Control group French,no,1,F,NA,NA,NA
P_CF_7,P,Control group French,no,NA,NA,NA,NA,NA
P_CF_8,P,Control group French,no,NA,NA,NA,NA,NA
P_CF_9,P,Control group French,no,1,F,NA,NA,NA
Q_CF_10,Q,Control group French,no,1,F,NA,NA,NA
Q_CF_11,Q,Control group French,no,1,F,NA,NA,NA
Q_CF_14,Q,Control group French,no,2,F,I,NA,NA
Q_CF_15,Q,Control group French,no,1,F,NA,NA,NA
Q_CF_17,Q,Control group French,no,1,F,NA,NA,NA
Q_CF_2,Q,Control group French,no,1,F,NA,NA,NA
Q_CF_3,Q,Control group French,no,1,F,NA,NA,NA
Q_CF_4,Q,Control group French,no,NA,NA,NA,NA,NA
Q_CF_5,Q,Control group French,no,1,F,NA,NA,NA
Q_CF_6,Q,Control group French,no,1,F,NA,NA,NA
Q_CF_7,Q,Control group French,no,2,F,CHD,NA,NA
Q_CF_8,Q,Control group French,no,2,F,Cam,NA,NA
Q_CF_9,Q,Control group French,no,NA,NA,NA,NA,NA
R_CF_1,R,Control group French,no,1,F,NA,NA,NA
R_CF_11,R,Control group French,no,2,F,I,NA,NA
R_CF_12,R,Control group French,no,1,F,NA,NA,NA
R_CF_13,R,Control group French,no,NA,NA,NA,NA,NA
R_CF_14,R,Control group French,no,NA,NA,NA,NA,NA
R_CF_15,R,Control group French,no,2,F,P,NA,NA
R_CF_16,R,Control group French,no,2,F,I,NA,NA
R_CF_17,R,Control group French,no,2,F,I,NA,NA
R_CF_2,R,Control group French,no,1,F,NA,NA,NA
R_CF_20,R,Control group French,no,NA,NA,NA,NA,NA
R_CF_21,R,Control group French,no,2,F,P,NA,NA
R_CF_3,R,Control group French,no,1,F,NA,NA,NA
R_CF_4,R,Control group French,no,1,F,NA,NA,NA
R_CF_5,R,Control group French,no,2,F,D,NA,NA
R_CF_6,R,Control group French,no,2,F,I,NA,NA
R_CF_7,R,Control group French,no,1,F,NA,NA,NA
R_CF_8,R,Control group French,no,NA,NA,NA,NA,NA
R_CF_9,R,Control group French,no,NA,NA,NA,NA,NA
S_CD_1,S,Control group German,no,1,CH-D,NA,NA,NA
S_CD_10,S,Control group German,no,2,CH-D,F,NA,NA
S_CD_11,S,Control group German,no,1,CH-D,NA,NA,NA
S_CD_12,S,Control group German,no,2,D,CH-D,NA,NA
S_CD_13,S,Control group German,no,2,CH-D,Bre,NA,NA
S_CD_14,S,Control group German,no,1,CH-D,NA,NA,NA
S_CD_2,S,Control group German,no,2,Ma,D,NA,NA
S_CD_3,S,Control group German,no,2,D,I,NA,NA
S_CD_4,S,Control group German,no,2,F,D,NA,NA
S_CD_5,S,Control group German,no,2,D,E,NA,NA
S_CD_6,S,Control group German,no,1,CH-D,NA,NA,NA
S_CD_7,S,Control group German,no,1,CH-D,NA,NA,NA
S_CD_8,S,Control group German,no,1,CH-D,NA,NA,NA
S_CD_9,S,Control group German,no,1,CH-D,D,F,NA
T_CF_1,T,Control group French,no,1,F,NA,NA,NA
T_CF_10,T,Control group French,no,2,F,Es,NA,NA
T_CF_11,T,Control group French,no,NA,NA,NA,NA,NA
T_CF_13,T,Control group French,no,2,F,Es,NA,NA
T_CF_14,T,Control group French,no,NA,NA,NA,NA,NA
T_CF_15,T,Control group French,no,2,F,Es,NA,NA
T_CF_17,T,Control group French,no,1,F,NA,NA,NA
T_CF_18,T,Control group French,no,2,F,I,NA,NA
T_CF_19,T,Control group French,no,2,F,CHD,NA,NA
T_CF_2,T,Control group French,no,NA,NA,NA,NA,NA
T_CF_20,T,Control group French,no,1,F,NA,NA,NA
T_CF_21,T,Control group French,no,NA,NA,NA,NA,NA
T_CF_3,T,Control group French,no,NA,NA,NA,NA,NA
T_CF_6,T,Control group French,no,NA,NA,NA,NA,NA
T_CF_7,T,Control group French,no,NA,NA,NA,NA,NA
T_CF_8,T,Control group French,no,NA,NA,NA,NA,NA
T_CF_9,T,Control group French,no,NA,NA,NA,NA,NA
U_CD_1,U,Control group German,no,3,P,D,F,NA
U_CD_10,U,Control group German,no,1,D,NA,NA,NA
U_CD_11,U,Control group German,no,2,F,D,NA,NA
U_CD_12,U,Control group German,no,1,D,NA,NA,NA
U_CD_13,U,Control group German,no,2,D,P,NA,NA
U_CD_14,U,Control group German,no,1,D,NA,NA,NA
U_CD_15,U,Control group German,no,3,D,I,F,NA
U_CD_2,U,Control group German,no,2,F,D,NA,NA
U_CD_3,U,Control group German,no,2,D,F,NA,NA
U_CD_4,U,Control group German,no,2,D,F,NA,NA
U_CD_5,U,Control group German,no,2,D,F,NA,NA
U_CD_6,U,Control group German,no,3,D,F,Es,NA
U_CD_7,U,Control group German,no,2,D,F,NA,NA
U_CD_8,U,Control group German,no,1,D,F,NA,NA
U_CD_9,U,Control group German,no,2,P,D,NA,NA
V_CD_1,V,Control group German,no,1,D,Th,NA,NA
V_CD_10,V,Control group German,no,1,CH-D,NA,NA,NA
V_CD_11,V,Control group German,no,1,CH-D,NA,NA,NA
V_CD_12,V,Control group German,no,1,CH-D,NA,NA,NA
V_CD_13,V,Control group German,no,2,CH-D,F,NA,NA
V_CD_14,V,Control group German,no,1,CH-D,NA,NA,NA
V_CD_15,V,Control group German,no,1,CH-D,NA,NA,NA
V_CD_16,V,Control group German,no,2,D,F,NA,NA
V_CD_17,V,Control group German,no,1,CH-D,NA,NA,NA
V_CD_18,V,Control group German,no,2,CH-D,Chi,NA,NA
V_CD_19,V,Control group German,no,1,CH-D,D,NA,NA
V_CD_2,V,Control group German,no,NA,NA,NA,NA,NA
V_CD_20,V,Control group German,no,1,CH-D,NA,NA,NA
V_CD_21,V,Control group German,no,2,CH-D,Es,NA,NA
V_CD_22,V,Control group German,no,1,CH-D,NA,NA,NA
V_CD_23,V,Control group German,no,1,CH-D,NA,NA,NA
V_CD_24,V,Control group German,no,1,CH-D,NA,NA,NA
V_CD_25,V,Control group German,no,1,CH-D,Tch,NA,NA
V_CD_26,V,Control group German,no,1,CH-D,NA,NA,NA
V_CD_27,V,Control group German,no,1,CH-D,NA,NA,NA
V_CD_28,V,Control group German,no,1,CH-D,NA,NA,NA
V_CD_29,V,Control group German,no,1,CH-D,NA,NA,NA
V_CD_3,V,Control group German,no,2,I,CH-D,NA,NA
V_CD_30,V,Control group German,no,1,CH-D,NA,NA,NA
V_CD_31,V,Control group German,no,2,CH-D,P,NA,NA
V_CD_4,V,Control group German,no,1,CH-D,NA,NA,NA
V_CD_5,V,Control group German,no,1,CH-D,NA,NA,NA
V_CD_6,V,Control group German,no,1,CH-D,F,NA,NA
V_CD_7,V,Control group German,no,1,CH-D,NA,NA,NA
V_CD_8,V,Control group German,no,1,CH-D,NA,NA,NA
V_CD_9,V,Control group German,no,1,CH-D,NA,NA,NA
W_CF_1,W,Control group French,no,2,F,Ar,NA,NA
W_CF_10,W,Control group French,no,NA,NA,NA,NA,NA
W_CF_11,W,Control group French,no,1,F,NA,NA,NA
W_CF_12,W,Control group French,no,3,F,T,E,NA
W_CF_13,W,Control group French,no,NA,NA,NA,NA,NA
W_CF_14,W,Control group French,no,2,F,Es,NA,NA
W_CF_15,W,Control group French,no,NA,NA,NA,NA,NA
W_CF_16,W,Control group French,no,1,F,NA,NA,NA
W_CF_17,W,Control group French,no,NA,NA,NA,NA,NA
W_CF_20,W,Control group French,no,2,F,Ar,NA,NA
W_CF_21,W,Control group French,no,NA,NA,NA,NA,NA
W_CF_22,W,Control group French,no,1,F,NA,NA,NA
W_CF_3,W,Control group French,no,1,F,NA,NA,NA
W_CF_4,W,Control group French,no,2,F,Es,NA,NA
W_CF_5,W,Control group French,no,2,F,Ar,NA,NA
W_CF_6,W,Control group French,no,NA,NA,NA,NA,NA
W_CF_7,W,Control group French,no,2,F,Es,NA,NA
W_CF_8,W,Control group French,no,NA,NA,NA,NA,NA
W_CF_9,W,Control group French,no,2,F,Er,NA,NA
X_PND_1,X,Bilingual group German,no,2,P,D,NA,NA
X_PND_2,X,Bilingual group German,no,2,P,D,NA,NA
X_PND_3,X,Bilingual group German,no,2,P,D,NA,NA
X_PND_4,X,Bilingual group German,no,2,P,D,NA,NA
Y_PNF_1,Y,Bilingual group French,no,2,P,F,NA,NA
Y_PNF_10,Y,Bilingual group French,no,2,P,F,NA,NA
Y_PNF_11,Y,Bilingual group French,no,NA,NA,NA,NA,NA
Y_PNF_12,Y,Bilingual group French,no,NA,NA,NA,NA,NA
Y_PNF_13,Y,Bilingual group French,no,2,P,F,NA,NA
Y_PNF_14,Y,Bilingual group French,no,2,P,F,NA,NA
Y_PNF_15,Y,Bilingual group French,no,3,P,F,E,NA
Y_PNF_16,Y,Bilingual group French,no,2,P,F,NA,NA
Y_PNF_17,Y,Bilingual group French,no,2,P,F,NA,NA
Y_PNF_18,Y,Bilingual group French,no,2,P,F,NA,NA
Y_PNF_19,Y,Bilingual group French,no,NA,NA,NA,NA,NA
Y_PNF_2,Y,Bilingual group French,no,2,P,F,NA,NA
Y_PNF_20,Y,Bilingual group French,no,2,P,F,NA,NA
Y_PNF_21,Y,Bilingual group French,no,NA,NA,NA,NA,NA
Y_PNF_22,Y,Bilingual group French,no,2,P,F,NA,NA
Y_PNF_23,Y,Bilingual group French,no,2,P,F,NA,NA
Y_PNF_24,Y,Bilingual group French,no,2,P,F,NA,NA
Y_PNF_25,Y,Bilingual group French,no,2,P,F,NA,NA
Y_PNF_26,Y,Bilingual group French,no,2,P,F,NA,NA
Y_PNF_27,Y,Bilingual group French,no,2,P,F,NA,NA
Y_PNF_28,Y,Bilingual group French,no,2,P,F,NA,NA
Y_PNF_29,Y,Bilingual group French,no,2,P,F,NA,NA
Y_PNF_3,Y,Bilingual group French,no,2,P,F,NA,NA
Y_PNF_30,Y,Bilingual group French,no,NA,NA,NA,NA,NA
Y_PNF_31,Y,Bilingual group French,no,2,P,F,NA,NA
Y_PNF_32,Y,Bilingual group French,no,2,P,F,NA,NA
Y_PNF_33,Y,Bilingual group French,no,4,P,F,Rou,Ru
Y_PNF_34,Y,Bilingual group French,no,2,P,F,NA,NA
Y_PNF_36,Y,Bilingual group French,no,2,P,F,NA,NA
Y_PNF_4,Y,Bilingual group French,no,2,P,F,NA,NA
Y_PNF_5,Y,Bilingual group French,no,NA,NA,NA,NA,NA
Y_PNF_6,Y,Bilingual group French,no,2,P,F,NA,NA
Y_PNF_7,Y,Bilingual group French,no,3,F,P,Creo,NA
Y_PNF_8,Y,Bilingual group French,no,NA,NA,NA,NA,NA
Y_PNF_9,Y,Bilingual group French,no,NA,NA,NA,NA,NA
Z_PLF_2,Z,Bilingual group French,yes,2,F,P,NA,NA
Z_PLF_3,Z,Bilingual group French,yes,NA,NA,NA,NA,NA
Z_PLF_4,Z,Bilingual group French,yes,NA,NA,NA,NA,NA
Z_PLF_5,Z,Bilingual group French,yes,2,F,P,NA,NA
Z_PLF_6,Z,Bilingual group French,yes,2,F,P,NA,NA
Z_PLF_7,Z,Bilingual group French,yes,2,P,F,NA,NA
Z_PLF_8,Z,Bilingual group French,yes,2,P,F,NA,NA
