Subject,Time,LanguageTested,Reading,Argumentation,Narration
A_PLF_1,1,French,0.2105263158,7,NA
A_PLF_1,1,Portuguese,0.5789473684,9,6
A_PLF_1,2,French,0.6842105263,14,10
A_PLF_1,2,Portuguese,0.7368421053,13,9
A_PLF_1,3,French,0.9473684211,14,8
A_PLF_1,3,Portuguese,0.8421052632,13,NA
A_PLF_10,1,French,0.5789473684,5,10
A_PLF_10,1,Portuguese,0.3157894737,6,7
A_PLF_10,2,French,0.4736842105,10,8
A_PLF_10,2,Portuguese,0.5789473684,7,NA
A_PLF_10,3,French,0.3157894737,13,8
A_PLF_10,3,Portuguese,0.3684210526,8,8
A_PLF_12,1,French,0.8947368421,10,11
A_PLF_12,2,French,1,17,14
A_PLF_12,2,Portuguese,0.9473684211,18,12
A_PLF_12,3,French,0.9473684211,21,12
A_PLF_12,3,Portuguese,0.9473684211,21,12
A_PLF_13,1,French,0.4736842105,10,6
A_PLF_13,1,Portuguese,0.3157894737,10,8
A_PLF_13,2,French,0.4210526316,5,NA
A_PLF_13,2,Portuguese,0.5263157895,9,NA
A_PLF_13,3,French,0.5789473684,10,4
A_PLF_13,3,Portuguese,0.3157894737,8,NA
A_PLF_14,1,French,0.4736842105,8,NA
A_PLF_14,1,Portuguese,0.5263157895,6,7
A_PLF_14,2,French,0.6842105263,9,NA
A_PLF_14,2,Portuguese,0.6315789474,13,9
A_PLF_14,3,French,0.5789473684,8,7
A_PLF_14,3,Portuguese,0.5789473684,11,7
A_PLF_15,1,French,0.4736842105,10,7
A_PLF_15,1,Portuguese,0.5263157895,7,8
A_PLF_15,2,French,0.6842105263,9,7
A_PLF_15,2,Portuguese,0.5789473684,16,6
A_PLF_15,3,French,0.6842105263,17,10
A_PLF_15,3,Portuguese,0.7894736842,18,10
A_PLF_16,1,French,0.7894736842,12,4
A_PLF_16,1,Portuguese,0.6315789474,8,7
A_PLF_16,2,French,0.8947368421,11,10
A_PLF_16,2,Portuguese,0.9473684211,10,11
A_PLF_16,3,French,0.8421052632,16,11
A_PLF_16,3,Portuguese,1,13,9
A_PLF_17,1,French,0.6842105263,11,5
A_PLF_17,1,Portuguese,0.5263157895,11,8
A_PLF_17,2,French,0.5789473684,16,9
A_PLF_17,2,Portuguese,0.4736842105,15,10
A_PLF_17,3,French,0.6842105263,8,9
A_PLF_17,3,Portuguese,0.5263157895,12,8
A_PLF_19,1,French,0.6315789474,12,5
A_PLF_19,1,Portuguese,0.6842105263,14,9
A_PLF_19,2,French,0.7368421053,12,6
A_PLF_19,2,Portuguese,0.8421052632,17,5
A_PLF_19,3,French,0.7368421053,18,9
A_PLF_19,3,Portuguese,0.8421052632,16,9
A_PLF_2,1,French,0.7368421053,6,5
A_PLF_2,1,Portuguese,0.5263157895,9,8
A_PLF_2,2,French,0.7894736842,7,7
A_PLF_2,2,Portuguese,0.5263157895,10,7
A_PLF_2,3,French,0.8421052632,14,5
A_PLF_2,3,Portuguese,0.7894736842,10,10
A_PLF_3,1,French,0.5263157895,10,5
A_PLF_3,1,Portuguese,0.4736842105,10,7
A_PLF_3,2,French,0.4210526316,11,7
A_PLF_3,2,Portuguese,0.2631578947,7,6
A_PLF_3,3,French,0.4210526316,8,8
A_PLF_3,3,Portuguese,0.3157894737,7,NA
A_PLF_4,1,French,0.2631578947,NA,NA
A_PLF_4,1,Portuguese,0.6842105263,10,NA
A_PLF_4,2,French,0.5263157895,9,7
A_PLF_4,2,Portuguese,0.6842105263,11,8
A_PLF_4,3,French,0.5789473684,11,10
A_PLF_4,3,Portuguese,0.6315789474,13,7
A_PLF_5,1,French,0.6315789474,6,7
A_PLF_5,1,Portuguese,0.4210526316,11,7
A_PLF_5,2,French,0.3157894737,10,NA
A_PLF_5,2,Portuguese,0.3684210526,9,8
A_PLF_5,3,French,0.4736842105,17,NA
A_PLF_5,3,Portuguese,0.4210526316,11,8
A_PLF_6,1,French,0.3684210526,10,5
A_PLF_6,1,Portuguese,0.4736842105,12,6
A_PLF_6,2,French,0.3157894737,9,4
A_PLF_6,2,Portuguese,0.4736842105,10,6
A_PLF_7,1,French,0.5789473684,10,8
A_PLF_7,1,Portuguese,0.4736842105,9,8
A_PLF_7,2,French,0.5263157895,8,8
A_PLF_7,2,Portuguese,0.3684210526,9,6
A_PLF_7,3,French,0.6842105263,15,9
A_PLF_7,3,Portuguese,0.5263157895,14,6
A_PLF_8,1,French,0.5789473684,7,5
A_PLF_8,1,Portuguese,0.4736842105,6,8
A_PLF_8,2,French,0.6842105263,9,8
A_PLF_8,2,Portuguese,0.4736842105,8,7
A_PLF_8,3,French,0.5789473684,9,6
A_PLF_8,3,Portuguese,0.6842105263,9,7
A_PLF_9,1,French,0.6315789474,15,9
A_PLF_9,1,Portuguese,0.7894736842,16,8
A_PLF_9,2,French,0.8421052632,16,13
A_PLF_9,2,Portuguese,0.8947368421,19,11
A_PLF_9,3,French,0.7894736842,20,14
A_PLF_9,3,Portuguese,0.8421052632,18,12
AA_PLF_1,1,French,0.5263157895,15,8
AA_PLF_1,1,Portuguese,0.5789473684,18,9
AA_PLF_1,2,French,0.4210526316,16,9
AA_PLF_10,1,French,0.5789473684,12,10
AA_PLF_10,1,Portuguese,0.7368421053,16,8
AA_PLF_10,2,French,0.6315789474,13,NA
AA_PLF_10,2,Portuguese,0.7894736842,15,6
AA_PLF_10,3,Portuguese,0.7894736842,21,10
AA_PLF_11,1,French,0.3157894737,9,NA
AA_PLF_11,1,Portuguese,0.4210526316,9,10
AA_PLF_11,2,French,0.3684210526,1,NA
AA_PLF_11,2,Portuguese,0.4210526316,4,5
AA_PLF_11,3,French,0.7368421053,15,8
AA_PLF_11,3,Portuguese,0.8947368421,14,9
AA_PLF_12,1,French,0.7368421053,7,NA
AA_PLF_12,1,Portuguese,0.3684210526,8,NA
AA_PLF_12,2,French,0.8421052632,5,NA
AA_PLF_12,2,Portuguese,0.5263157895,7,NA
AA_PLF_12,3,French,0.7894736842,13,8
AA_PLF_12,3,Portuguese,0.6842105263,11,8
AA_PLF_13,1,French,0.6315789474,17,5
AA_PLF_13,2,French,0.7894736842,21,12
AA_PLF_13,2,Portuguese,0.8947368421,20,10
AA_PLF_13,3,French,1,22,15
AA_PLF_13,3,Portuguese,0.9473684211,19,15
AA_PLF_2,1,French,0.7894736842,17,12
AA_PLF_2,1,Portuguese,0.7894736842,21,10
AA_PLF_2,2,French,0.8947368421,14,8
AA_PLF_2,2,Portuguese,0.9473684211,20,10
AA_PLF_2,3,Portuguese,0.9473684211,22,13
AA_PLF_3,1,French,0.5789473684,6,3
AA_PLF_3,1,Portuguese,0.0526315789,8,6
AA_PLF_3,2,Portuguese,0.5263157895,11,7
AA_PLF_4,1,French,0.5263157895,16,11
AA_PLF_4,1,Portuguese,0.6315789474,20,12
AA_PLF_4,2,Portuguese,0.7368421053,21,9
AA_PLF_4,3,French,0.8421052632,21,14
AA_PLF_4,3,Portuguese,0.8421052632,19,16
AA_PLF_5,1,French,0.4736842105,10,NA
AA_PLF_5,1,Portuguese,0.5789473684,18,9
AA_PLF_5,2,French,0.6315789474,14,10
AA_PLF_5,2,Portuguese,0.7894736842,20,9
AA_PLF_5,3,Portuguese,0.8947368421,20,14
AA_PLF_6,1,French,0.7894736842,16,9
AA_PLF_6,1,Portuguese,0.6842105263,10,9
AA_PLF_6,2,French,0.7894736842,18,14
AA_PLF_6,2,Portuguese,0.8421052632,20,6
AA_PLF_6,3,French,0.8421052632,21,13
AA_PLF_6,3,Portuguese,0.8947368421,21,14
AA_PLF_7,1,French,0.5789473684,8,NA
AA_PLF_7,1,Portuguese,0.7894736842,12,8
AA_PLF_7,2,French,0.6842105263,8,6
AA_PLF_7,2,Portuguese,0.8947368421,10,8
AA_PLF_7,3,French,0.8947368421,18,6
AA_PLF_7,3,Portuguese,0.9473684211,19,8
AA_PLF_8,1,French,0.4736842105,14,5
AA_PLF_8,1,Portuguese,0.7894736842,17,10
AA_PLF_8,2,French,0.6315789474,9,5
AA_PLF_8,2,Portuguese,0.8947368421,14,8
AA_PLF_8,3,French,0.4210526316,21,12
AA_PLF_8,3,Portuguese,0.8421052632,19,8
AA_PLF_9,1,French,0.5263157895,8,8
AA_PLF_9,1,Portuguese,0.3684210526,8,8
AA_PLF_9,2,French,0.6842105263,NA,7
AA_PLF_9,3,French,0.6842105263,16,11
AA_PLF_9,3,Portuguese,0.7368421053,18,10
AB_PLD_1,1,German,0.5789473684,11,9
AB_PLD_1,1,Portuguese,0.4736842105,7,8
AB_PLD_1,2,German,0.5789473684,14,9
AB_PLD_1,2,Portuguese,0.4736842105,12,NA
AB_PLD_1,3,German,0.3684210526,9,5
AB_PLD_1,3,Portuguese,0.6315789474,13,8
AB_PLD_2,1,German,0.2631578947,14,9
AB_PLD_2,1,Portuguese,0.8421052632,19,11
AB_PLD_2,2,German,0.8947368421,17,10
AB_PLD_2,2,Portuguese,0.8947368421,20,15
AB_PLD_2,3,German,0.9473684211,16,10
AB_PLD_2,3,Portuguese,1,21,15
AB_PLD_3,1,German,0.3157894737,10,3
AB_PLD_3,1,Portuguese,0.4736842105,NA,6
AB_PLD_3,2,German,0.7368421053,10,9
AB_PLD_3,2,Portuguese,0.5263157895,12,12
AB_PLD_3,3,German,0.4736842105,12,6
AB_PLD_4,1,German,0.5263157895,16,11
AB_PLD_4,1,Portuguese,0.7894736842,19,10
AB_PLD_4,2,Portuguese,0.6842105263,20,13
AB_PLD_4,3,Portuguese,0.7894736842,14,10
AB_PLD_5,1,German,0.3684210526,10,6
AB_PLD_5,1,Portuguese,0.5789473684,10,NA
AB_PLD_5,2,German,0.4210526316,15,7
AB_PLD_5,2,Portuguese,0.5263157895,14,11
AB_PLD_5,3,German,0.7894736842,15,8
AB_PLD_5,3,Portuguese,0.5789473684,8,9
AB_PLD_6,1,German,0.4736842105,10,NA
AB_PLD_6,1,Portuguese,0.6315789474,10,11
AB_PLD_6,2,German,0.4736842105,18,5
AB_PLD_6,2,Portuguese,0.4210526316,19,10
AB_PLD_6,3,Portuguese,0.6315789474,16,12
AB_PLD_7,1,German,0.5789473684,13,NA
AB_PLD_7,1,Portuguese,0.4736842105,12,9
AB_PLD_7,2,German,0.6315789474,13,8
AB_PLD_7,2,Portuguese,0.6315789474,11,9
AB_PLD_7,3,Portuguese,0.8947368421,11,8
AB_PLD_8,1,German,0.3684210526,10,4
AB_PLD_8,1,Portuguese,0.5263157895,17,8
AB_PLD_8,2,German,0.5789473684,14,11
AB_PLD_8,2,Portuguese,0.5263157895,19,8
AB_PLD_8,3,German,0.7368421053,11,9
AB_PLD_8,3,Portuguese,0.6842105263,18,9
AC_PLD_1,1,German,0.4210526316,11,8
AC_PLD_1,1,Portuguese,0.2105263158,10,12
AC_PLD_1,2,German,0.7368421053,7,8
AC_PLD_1,2,Portuguese,0.4736842105,13,10
AC_PLD_1,3,German,0.5789473684,14,7
AC_PLD_1,3,Portuguese,0.6842105263,15,10
AC_PLD_2,1,German,0.6842105263,13,8
AC_PLD_2,1,Portuguese,0.6315789474,14,10
AC_PLD_2,2,German,0.8947368421,16,8
AC_PLD_2,2,Portuguese,0.5263157895,18,11
AC_PLD_2,3,German,0.6842105263,16,8
AC_PLD_2,3,Portuguese,0.8421052632,14,14
AC_PLD_3,1,German,0.4736842105,12,NA
AC_PLD_3,1,Portuguese,0.4736842105,7,8
AC_PLD_3,2,Portuguese,0.7368421053,21,11
AC_PLD_4,1,German,0.4736842105,9,5
AC_PLD_4,1,Portuguese,0.2631578947,NA,NA
AC_PLD_4,2,German,0.4210526316,8,NA
AC_PLD_4,2,Portuguese,0.3157894737,NA,NA
AC_PLD_4,3,German,0.2631578947,9,4
AC_PLD_4,3,Portuguese,0.4736842105,0,6
AC_PLD_5,1,German,0.4736842105,10,6
AC_PLD_5,2,Portuguese,0.5263157895,11,12
AC_PLD_5,3,Portuguese,0.8421052632,19,13
AC_PLD_6,1,German,0.3157894737,7,6
AC_PLD_6,2,German,0.1578947368,9,5
AC_PLD_6,2,Portuguese,0.4210526316,7,NA
AC_PLD_6,3,German,NA,5,NA
AC_PLD_7,1,German,0.7368421053,11,3
AC_PLD_7,1,Portuguese,0.3684210526,7,NA
AC_PLD_7,2,German,0.4210526316,3,NA
AC_PLD_7,2,Portuguese,0.3684210526,2,NA
AC_PLD_7,3,German,0.4736842105,7,5
AC_PLD_7,3,Portuguese,0.5789473684,0,NA
AC_PLD_8,1,German,0.3684210526,13,4
AC_PLD_8,1,Portuguese,0.3157894737,15,6
AC_PLD_8,2,Portuguese,0.6315789474,18,NA
AC_PLD_8,3,German,0.6315789474,NA,9
AD_PLF_1,1,French,0.6315789474,13,9
AD_PLF_1,1,Portuguese,0.4736842105,9,8
AD_PLF_1,2,Portuguese,0.7368421053,4,8
AD_PLF_10,1,French,0.4736842105,15,11
AD_PLF_10,1,Portuguese,0.5263157895,14,7
AD_PLF_10,2,French,0.6315789474,15,10
AD_PLF_10,2,Portuguese,0.6315789474,16,9
AD_PLF_10,3,French,0.8947368421,18,9
AD_PLF_10,3,Portuguese,0.8421052632,19,9
AD_PLF_11,1,French,0.5263157895,6,NA
AD_PLF_11,1,Portuguese,0.2105263158,8,5
AD_PLF_11,2,French,0.3684210526,11,5
AD_PLF_11,2,Portuguese,0.3684210526,12,5
AD_PLF_11,3,French,0.4736842105,8,8
AD_PLF_11,3,Portuguese,0.5263157895,12,NA
AD_PLF_12,1,French,0.5789473684,8,NA
AD_PLF_12,1,Portuguese,0.1578947368,3,NA
AD_PLF_12,2,French,0.5263157895,10,NA
AD_PLF_12,2,Portuguese,0.4736842105,NA,NA
AD_PLF_13,1,French,0.2631578947,16,7
AD_PLF_13,1,Portuguese,0.4210526316,14,7
AD_PLF_13,2,French,0.4736842105,8,3
AD_PLF_13,2,Portuguese,0.0526315789,5,NA
AD_PLF_13,3,French,0.5263157895,23,9
AD_PLF_13,3,Portuguese,0.6842105263,20,9
AD_PLF_14,1,French,0.3157894737,14,4
AD_PLF_14,1,Portuguese,0.3684210526,5,NA
AD_PLF_14,2,French,0.2631578947,12,7
AD_PLF_14,2,Portuguese,0.3684210526,8,5
AD_PLF_14,3,French,0.4736842105,14,6
AD_PLF_14,3,Portuguese,0.5263157895,12,5
AD_PLF_15,1,French,0.4736842105,10,5
AD_PLF_15,1,Portuguese,0.5789473684,13,7
AD_PLF_15,2,French,0.4736842105,9,7
AD_PLF_15,2,Portuguese,0.4210526316,15,8
AD_PLF_15,3,French,0.5789473684,19,13
AD_PLF_15,3,Portuguese,0.8421052632,20,9
AD_PLF_16,1,French,0.9473684211,10,8
AD_PLF_16,1,Portuguese,0.9473684211,10,8
AD_PLF_16,2,French,0.9473684211,12,7
AD_PLF_16,2,Portuguese,0.9473684211,13,10
AD_PLF_16,3,French,1,11,10
AD_PLF_16,3,Portuguese,0.9473684211,16,11
AD_PLF_17,1,French,0.3684210526,7,8
AD_PLF_17,1,Portuguese,0.2105263158,3,7
AD_PLF_17,2,French,0.3157894737,7,4
AD_PLF_17,2,Portuguese,0.3157894737,10,9
AD_PLF_17,3,French,0.7368421053,8,9
AD_PLF_17,3,Portuguese,0.4210526316,9,7
AD_PLF_18,1,French,0.4736842105,18,7
AD_PLF_18,1,Portuguese,0.4736842105,7,8
AD_PLF_18,2,French,0.5789473684,17,6
AD_PLF_18,2,Portuguese,0.4736842105,15,8
AD_PLF_18,3,French,0.8421052632,23,10
AD_PLF_18,3,Portuguese,0.7894736842,20,9
AD_PLF_19,1,French,0.2631578947,10,6
AD_PLF_19,1,Portuguese,0.4736842105,NA,NA
AD_PLF_19,2,French,0.2631578947,7,4
AD_PLF_19,2,Portuguese,0.3157894737,9,7
AD_PLF_19,3,French,0.2631578947,8,6
AD_PLF_19,3,Portuguese,0.7894736842,12,7
AD_PLF_2,1,French,0.5263157895,15,7
AD_PLF_2,1,Portuguese,0.6315789474,8,8
AD_PLF_2,2,French,0.5263157895,12,3
AD_PLF_2,2,Portuguese,0.5789473684,10,7
AD_PLF_2,3,French,0.7894736842,16,8
AD_PLF_2,3,Portuguese,0.8421052632,19,11
AD_PLF_20,1,French,0.5263157895,5,8
AD_PLF_20,1,Portuguese,0.4210526316,3,6
AD_PLF_20,2,French,0.5263157895,10,NA
AD_PLF_20,2,Portuguese,0.4736842105,11,9
AD_PLF_20,3,French,0.6842105263,14,10
AD_PLF_20,3,Portuguese,0.7368421053,15,7
AD_PLF_21,1,French,0.6315789474,NA,NA
AD_PLF_21,1,Portuguese,0.7894736842,14,8
AD_PLF_21,2,French,0.7368421053,17,8
AD_PLF_21,2,Portuguese,0.7894736842,17,7
AD_PLF_21,3,French,0.8947368421,20,11
AD_PLF_21,3,Portuguese,1,15,11
AD_PLF_22,1,French,0.4736842105,11,6
AD_PLF_22,1,Portuguese,0.2631578947,10,7
AD_PLF_22,2,French,0.6315789474,11,6
AD_PLF_22,2,Portuguese,0.5263157895,9,10
AD_PLF_22,3,French,0.5263157895,13,9
AD_PLF_22,3,Portuguese,0.6842105263,16,9
AD_PLF_23,1,French,0.7894736842,5,NA
AD_PLF_23,1,Portuguese,0.5789473684,6,NA
AD_PLF_24,1,French,0.7368421053,8,10
AD_PLF_24,1,Portuguese,0.7894736842,12,4
AD_PLF_24,2,French,0.8947368421,13,5
AD_PLF_24,2,Portuguese,0.8947368421,9,7
AD_PLF_24,3,French,0.8947368421,14,11
AD_PLF_24,3,Portuguese,1,18,8
AD_PLF_25,1,French,0.5263157895,13,11
AD_PLF_25,1,Portuguese,0.4736842105,9,10
AD_PLF_25,2,French,0.6315789474,20,8
AD_PLF_25,2,Portuguese,0.6315789474,13,8
AD_PLF_25,3,French,0.6842105263,22,14
AD_PLF_25,3,Portuguese,0.7894736842,20,14
AD_PLF_26,1,French,0.8947368421,11,11
AD_PLF_26,1,Portuguese,0.2631578947,12,9
AD_PLF_26,2,French,0.9473684211,14,11
AD_PLF_26,2,Portuguese,0.7894736842,8,NA
AD_PLF_26,3,French,0.9473684211,21,12
AD_PLF_26,3,Portuguese,0.8421052632,17,8
AD_PLF_27,2,Portuguese,NA,13,9
AD_PLF_27,3,French,NA,18,NA
AD_PLF_28,3,French,0.5789473684,NA,13
AD_PLF_28,3,Portuguese,0.5263157895,18,15
AD_PLF_3,1,French,0.6842105263,5,5
AD_PLF_3,1,Portuguese,0.5263157895,3,NA
AD_PLF_3,2,French,0.4736842105,NA,2
AD_PLF_3,2,Portuguese,0.6315789474,3,4
AD_PLF_4,1,French,0.7368421053,12,6
AD_PLF_4,1,Portuguese,0.6842105263,9,6
AD_PLF_4,2,French,0.7368421053,13,NA
AD_PLF_4,2,Portuguese,0.7368421053,9,8
AD_PLF_4,3,French,0.9473684211,19,9
AD_PLF_4,3,Portuguese,0.9473684211,9,11
AD_PLF_6,1,French,0.6842105263,7,7
AD_PLF_6,1,Portuguese,0.4210526316,5,4
AD_PLF_6,2,French,0.6315789474,9,7
AD_PLF_6,2,Portuguese,0.5789473684,10,8
AD_PLF_6,3,French,0.5263157895,10,11
AD_PLF_6,3,Portuguese,0.6842105263,9,8
AD_PLF_7,1,French,0.2631578947,10,6
AD_PLF_7,1,Portuguese,0.0526315789,9,NA
AD_PLF_7,2,French,0.5789473684,13,NA
AD_PLF_7,2,Portuguese,0.4210526316,8,5
AD_PLF_8,1,French,0.6315789474,9,8
AD_PLF_8,1,Portuguese,0.4736842105,12,7
AD_PLF_8,2,French,0.7894736842,11,6
AD_PLF_8,2,Portuguese,0.6842105263,11,7
AD_PLF_8,3,French,0.9473684211,21,9
AD_PLF_8,3,Portuguese,0.7894736842,17,8
AD_PLF_9,1,French,0.6842105263,13,8
AD_PLF_9,1,Portuguese,0.6842105263,4,NA
AD_PLF_9,2,French,0.7894736842,10,5
AD_PLF_9,2,Portuguese,0.7368421053,10,8
AD_PLF_9,3,French,0.8421052632,18,12
AD_PLF_9,3,Portuguese,0.7894736842,12,12
AE_PLF_1,1,French,0.4210526316,9,6
AE_PLF_1,1,Portuguese,0.3684210526,10,3
AE_PLF_1,2,French,0.4736842105,6,8
AE_PLF_1,2,Portuguese,0.3684210526,6,5
AE_PLF_1,3,French,0.4736842105,10,5
AE_PLF_1,3,Portuguese,0.3157894737,7,6
AE_PLF_2,1,Portuguese,0.6842105263,7,6
AE_PLF_2,2,French,0.4736842105,14,8
AE_PLF_2,2,Portuguese,0.7894736842,12,6
AE_PLF_2,3,French,0.8947368421,17,9
AE_PLF_2,3,Portuguese,0.7894736842,19,8
AE_PLF_4,1,French,0.9473684211,13,7
AE_PLF_4,1,Portuguese,0.6842105263,11,9
AE_PLF_4,2,French,0.9473684211,11,11
AE_PLF_4,2,Portuguese,0.7368421053,9,7
AE_PLF_4,3,French,0.9473684211,13,9
AE_PLF_5,1,French,0.5789473684,9,10
AE_PLF_5,1,Portuguese,0.2631578947,9,NA
AE_PLF_5,2,French,0.7894736842,9,7
AE_PLF_5,2,Portuguese,0.4736842105,7,6
AE_PLF_5,3,French,0.7368421053,12,7
AE_PLF_5,3,Portuguese,0.6315789474,12,8
AE_PLF_6,1,French,0.6315789474,6,7
AE_PLF_6,1,Portuguese,0.3684210526,9,6
AE_PLF_6,2,French,0.3157894737,9,9
AE_PLF_6,2,Portuguese,0.5263157895,9,7
AE_PLF_6,3,French,0.5263157895,13,8
AE_PLF_6,3,Portuguese,0.6842105263,15,7
AF_PLD_1,1,German,0.4210526316,9,8
AF_PLD_1,1,Portuguese,0.5263157895,11,9
AF_PLD_1,2,German,0.5263157895,13,8
AF_PLD_1,2,Portuguese,0.6315789474,10,8
AF_PLD_1,3,German,0.5789473684,10,3
AF_PLD_1,3,Portuguese,0.6842105263,9,10
AF_PLD_2,1,German,0.7368421053,13,10
AF_PLD_2,1,Portuguese,0.8947368421,10,12
AF_PLD_2,2,German,0.8947368421,13,10
AF_PLD_2,2,Portuguese,0.9473684211,13,10
AF_PLD_2,3,German,0.8947368421,11,7
AF_PLD_2,3,Portuguese,1,10,9
AG_PLD_1,1,German,0.6842105263,8,4
AG_PLD_1,1,Portuguese,0.4736842105,14,7
AG_PLD_1,2,German,NA,7,NA
AG_PLD_2,1,German,0.3684210526,8,5
AG_PLD_2,2,German,0.4736842105,NA,5
AG_PLD_2,2,Portuguese,0.4736842105,11,8
AG_PLD_2,3,German,0.5789473684,9,7
AI_CP_10,1,Portuguese,0.5263157895,13,7
AI_CP_10,2,Portuguese,0.8421052632,19,10
AI_CP_10,3,Portuguese,0.6842105263,17,13
AI_CP_11,1,Portuguese,0.9473684211,20,15
AI_CP_11,3,Portuguese,1,22,17
AI_CP_12,1,Portuguese,0.5789473684,19,NA
AI_CP_12,2,Portuguese,0.7368421053,22,12
AI_CP_12,3,Portuguese,0.8947368421,22,15
AI_CP_14,1,Portuguese,0.4736842105,NA,6
AI_CP_14,2,Portuguese,0.5789473684,14,10
AI_CP_14,3,Portuguese,0.7894736842,21,8
AI_CP_15,1,Portuguese,0.5789473684,10,9
AI_CP_15,2,Portuguese,0.6842105263,15,9
AI_CP_15,3,Portuguese,0.8421052632,20,9
AI_CP_16,1,Portuguese,0.7368421053,19,10
AI_CP_16,2,Portuguese,0.7894736842,15,9
AI_CP_16,3,Portuguese,0.8947368421,21,14
AI_CP_17,1,Portuguese,1,21,12
AI_CP_17,2,Portuguese,1,23,14
AI_CP_17,3,Portuguese,1,23,15
AI_CP_18,2,Portuguese,0.3684210526,NA,8
AI_CP_19,2,Portuguese,0.9473684211,22,12
AI_CP_19,3,Portuguese,0.8947368421,23,13
AI_CP_2,1,Portuguese,0.8421052632,20,13
AI_CP_2,2,Portuguese,0.9473684211,23,13
AI_CP_2,3,Portuguese,0.9473684211,23,16
AI_CP_3,1,Portuguese,0.8947368421,15,10
AI_CP_3,2,Portuguese,0.8421052632,21,14
AI_CP_3,3,Portuguese,1,18,14
AI_CP_4,1,Portuguese,0.8421052632,17,14
AI_CP_4,2,Portuguese,0.8947368421,21,12
AI_CP_4,3,Portuguese,1,18,11
AI_CP_5,1,Portuguese,0.4210526316,19,10
AI_CP_5,2,Portuguese,0.8421052632,20,13
AI_CP_5,3,Portuguese,0.8421052632,20,12
AI_CP_6,1,Portuguese,0.6842105263,12,9
AI_CP_6,2,Portuguese,0.4736842105,18,11
AI_CP_6,3,Portuguese,0.8421052632,17,11
AI_CP_7,1,Portuguese,0.5263157895,13,10
AI_CP_7,2,Portuguese,0.7368421053,16,11
AI_CP_7,3,Portuguese,0.7894736842,22,13
AI_CP_8,1,Portuguese,0.6842105263,13,11
AI_CP_8,2,Portuguese,0.5789473684,22,13
AI_CP_8,3,Portuguese,0.8421052632,20,14
AI_CP_9,1,Portuguese,0.3157894737,12,10
AI_CP_9,2,Portuguese,0.7894736842,20,10
AJ_CP_1,1,Portuguese,0.8421052632,11,8
AJ_CP_1,2,Portuguese,0.8421052632,15,11
AJ_CP_1,3,Portuguese,0.6842105263,20,16
AJ_CP_10,1,Portuguese,0.6842105263,11,10
AJ_CP_10,2,Portuguese,0.8421052632,16,10
AJ_CP_10,3,Portuguese,NA,13,NA
AJ_CP_11,1,Portuguese,0.6842105263,14,7
AJ_CP_11,2,Portuguese,0.7894736842,10,9
AJ_CP_11,3,Portuguese,0.8421052632,14,11
AJ_CP_12,1,Portuguese,0.4736842105,NA,7
AJ_CP_12,2,Portuguese,NA,14,8
AJ_CP_12,3,Portuguese,0.5789473684,15,11
AJ_CP_13,1,Portuguese,0.6842105263,11,8
AJ_CP_13,2,Portuguese,0.8421052632,11,11
AJ_CP_13,3,Portuguese,0.8421052632,15,13
AJ_CP_14,1,Portuguese,0.7894736842,18,11
AJ_CP_14,2,Portuguese,0.8421052632,18,10
AJ_CP_14,3,Portuguese,1,20,15
AJ_CP_15,1,Portuguese,0.9473684211,13,7
AJ_CP_15,2,Portuguese,0.9473684211,16,9
AJ_CP_15,3,Portuguese,0.8947368421,20,11
AJ_CP_17,1,Portuguese,0.8421052632,17,13
AJ_CP_17,2,Portuguese,0.8421052632,22,10
AJ_CP_17,3,Portuguese,0.8947368421,23,8
AJ_CP_18,1,Portuguese,0.7894736842,18,12
AJ_CP_18,2,Portuguese,0.9473684211,24,11
AJ_CP_18,3,Portuguese,1,24,15
AJ_CP_19,1,Portuguese,0.7368421053,16,8
AJ_CP_19,2,Portuguese,0.7894736842,12,10
AJ_CP_19,3,Portuguese,0.6842105263,14,12
AJ_CP_2,1,Portuguese,0.5263157895,12,8
AJ_CP_2,2,Portuguese,0.7894736842,18,10
AJ_CP_2,3,Portuguese,0.6842105263,19,12
AJ_CP_20,1,Portuguese,0.6842105263,13,6
AJ_CP_20,2,Portuguese,0.6315789474,15,10
AJ_CP_20,3,Portuguese,0.7368421053,21,14
AJ_CP_21,1,Portuguese,0.8947368421,19,10
AJ_CP_21,2,Portuguese,0.7894736842,19,10
AJ_CP_21,3,Portuguese,0.7894736842,21,12
AJ_CP_23,1,Portuguese,0.5789473684,14,10
AJ_CP_23,2,Portuguese,0.9473684211,15,8
AJ_CP_24,1,Portuguese,0.5789473684,20,9
AJ_CP_24,2,Portuguese,0.8421052632,20,11
AJ_CP_24,3,Portuguese,0.6842105263,20,12
AJ_CP_3,1,Portuguese,0.7368421053,14,10
AJ_CP_3,2,Portuguese,0.8421052632,18,9
AJ_CP_3,3,Portuguese,0.7368421053,18,14
AJ_CP_5,1,Portuguese,0.8947368421,14,8
AJ_CP_5,2,Portuguese,0.8947368421,18,NA
AJ_CP_5,3,Portuguese,1,20,12
AJ_CP_7,1,Portuguese,0.7894736842,19,12
AJ_CP_7,2,Portuguese,1,19,14
AJ_CP_7,3,Portuguese,1,21,13
AJ_CP_8,1,Portuguese,0.6315789474,19,9
AJ_CP_8,2,Portuguese,0.8421052632,21,NA
AJ_CP_8,3,Portuguese,0.9473684211,21,15
AK_CP_1,1,Portuguese,0.4736842105,14,10
AK_CP_1,2,Portuguese,0.6842105263,14,8
AK_CP_1,3,Portuguese,0.7894736842,15,7
AK_CP_12,1,Portuguese,0.5789473684,12,8
AK_CP_12,2,Portuguese,0.7894736842,20,13
AK_CP_12,3,Portuguese,0.8947368421,19,10
AK_CP_13,1,Portuguese,0.6315789474,14,9
AK_CP_13,2,Portuguese,0.7894736842,16,NA
AK_CP_13,3,Portuguese,0.8421052632,18,NA
AK_CP_15,1,Portuguese,0.0526315789,17,11
AK_CP_15,2,Portuguese,0.4736842105,17,14
AK_CP_15,3,Portuguese,0.8947368421,21,6
AK_CP_16,1,Portuguese,0.8947368421,12,9
AK_CP_16,2,Portuguese,0.9473684211,16,10
AK_CP_16,3,Portuguese,1,20,12
AK_CP_17,1,Portuguese,0.8421052632,10,8
AK_CP_17,2,Portuguese,0.7894736842,19,10
AK_CP_17,3,Portuguese,0.9473684211,20,14
AK_CP_19,1,Portuguese,0.7894736842,18,11
AK_CP_19,2,Portuguese,0.6315789474,20,12
AK_CP_19,3,Portuguese,0.7368421053,21,14
AK_CP_2,1,Portuguese,0.8421052632,18,13
AK_CP_2,2,Portuguese,0.8421052632,16,12
AK_CP_2,3,Portuguese,1,20,16
AK_CP_21,1,Portuguese,0.6842105263,15,9
AK_CP_21,2,Portuguese,0.8947368421,18,15
AK_CP_21,3,Portuguese,0.8421052632,20,13
AK_CP_22,1,Portuguese,0.5789473684,16,12
AK_CP_22,2,Portuguese,0,NA,NA
AK_CP_22,3,Portuguese,1,21,11
AK_CP_23,1,Portuguese,0.7368421053,17,11
AK_CP_23,2,Portuguese,0.9473684211,20,10
AK_CP_23,3,Portuguese,0.8421052632,20,15
AK_CP_25,1,Portuguese,NA,17,NA
AK_CP_25,2,Portuguese,NA,18,NA
AK_CP_25,3,Portuguese,NA,20,11
AK_CP_3,1,Portuguese,0.7894736842,20,16
AK_CP_3,2,Portuguese,0.8947368421,20,14
AK_CP_3,3,Portuguese,0.9473684211,22,13
AK_CP_5,1,Portuguese,0.7894736842,10,11
AK_CP_5,2,Portuguese,0.8947368421,19,13
AK_CP_5,3,Portuguese,NA,0,12
AK_CP_6,1,Portuguese,0.8947368421,14,11
AK_CP_6,2,Portuguese,0.9473684211,17,11
AK_CP_6,3,Portuguese,0.9473684211,21,14
AK_CP_7,1,Portuguese,0.8421052632,19,11
AK_CP_7,2,Portuguese,0.7894736842,19,12
AK_CP_8,1,Portuguese,0.3157894737,11,NA
AK_CP_8,2,Portuguese,0.3684210526,15,8
AK_CP_8,3,Portuguese,0.4210526316,21,8
AK_CP_9,1,Portuguese,0.8421052632,19,10
AK_CP_9,2,Portuguese,0.8947368421,20,11
AK_CP_9,3,Portuguese,0.7894736842,20,12
AL_CP_1,1,Portuguese,0.3157894737,8,9
AL_CP_1,2,Portuguese,0.7368421053,15,9
AL_CP_1,3,Portuguese,0.6315789474,19,12
AL_CP_10,1,Portuguese,0.4210526316,14,7
AL_CP_10,2,Portuguese,0.6842105263,15,8
AL_CP_10,3,Portuguese,0.7368421053,19,15
AL_CP_11,1,Portuguese,0.4736842105,11,12
AL_CP_11,2,Portuguese,0.7894736842,20,13
AL_CP_11,3,Portuguese,0.7894736842,21,12
AL_CP_12,1,Portuguese,1,19,11
AL_CP_12,2,Portuguese,0.8421052632,18,12
AL_CP_12,3,Portuguese,0.9473684211,22,12
AL_CP_13,1,Portuguese,0.6315789474,12,11
AL_CP_13,2,Portuguese,0.8421052632,20,NA
AL_CP_14,1,Portuguese,0.6842105263,17,11
AL_CP_14,2,Portuguese,0.7894736842,20,15
AL_CP_14,3,Portuguese,0.7894736842,20,10
AL_CP_15,1,Portuguese,0.6842105263,9,13
AL_CP_15,2,Portuguese,0.8947368421,19,11
AL_CP_15,3,Portuguese,0.8421052632,20,13
AL_CP_16,1,Portuguese,0.7368421053,17,11
AL_CP_16,2,Portuguese,0.8947368421,19,11
AL_CP_16,3,Portuguese,0.8421052632,21,14
AL_CP_17,1,Portuguese,0.5263157895,13,10
AL_CP_17,2,Portuguese,0.5263157895,17,7
AL_CP_17,3,Portuguese,0.7894736842,19,NA
AL_CP_18,1,Portuguese,0.6842105263,10,7
AL_CP_18,2,Portuguese,0.7894736842,13,11
AL_CP_18,3,Portuguese,0.7894736842,9,10
AL_CP_19,1,Portuguese,0.6315789474,9,9
AL_CP_19,2,Portuguese,0.6315789474,14,9
AL_CP_19,3,Portuguese,0.8421052632,12,7
AL_CP_2,1,Portuguese,0.6315789474,17,8
AL_CP_2,2,Portuguese,0.5263157895,16,NA
AL_CP_2,3,Portuguese,0.7368421053,16,6
AL_CP_20,1,Portuguese,0.7368421053,18,12
AL_CP_20,2,Portuguese,0.9473684211,18,8
AL_CP_20,3,Portuguese,0.9473684211,14,10
AL_CP_21,1,Portuguese,0.6315789474,16,8
AL_CP_21,2,Portuguese,0.6842105263,15,9
AL_CP_21,3,Portuguese,0.7368421053,21,12
AL_CP_22,1,Portuguese,0.6315789474,14,8
AL_CP_22,2,Portuguese,0.8421052632,19,9
AL_CP_22,3,Portuguese,0.9473684211,19,11
AL_CP_23,1,Portuguese,0.5789473684,11,9
AL_CP_23,2,Portuguese,0.7894736842,10,14
AL_CP_23,3,Portuguese,0.6842105263,19,17
AL_CP_24,1,Portuguese,NA,11,10
AL_CP_24,2,Portuguese,0.6315789474,10,13
AL_CP_24,3,Portuguese,0.7894736842,20,15
AL_CP_3,1,Portuguese,0.4210526316,14,8
AL_CP_3,2,Portuguese,0.5263157895,12,12
AL_CP_3,3,Portuguese,0.5789473684,11,10
AL_CP_4,1,Portuguese,0.6315789474,15,10
AL_CP_4,2,Portuguese,0.5263157895,13,7
AL_CP_4,3,Portuguese,0.6315789474,9,8
AL_CP_5,1,Portuguese,0.7894736842,15,9
AL_CP_5,2,Portuguese,0.9473684211,16,11
AL_CP_6,1,Portuguese,0.9473684211,21,12
AL_CP_6,2,Portuguese,0.9473684211,20,NA
AL_CP_6,3,Portuguese,0.8947368421,22,NA
AL_CP_7,1,Portuguese,0.7368421053,16,8
AL_CP_7,2,Portuguese,1,16,8
AL_CP_7,3,Portuguese,0.8947368421,23,9
AL_CP_8,1,Portuguese,0.5263157895,NA,11
AL_CP_8,2,Portuguese,0.8421052632,15,11
AL_CP_8,3,Portuguese,0.8947368421,20,11
AL_CP_9,1,Portuguese,0.7368421053,16,8
AL_CP_9,2,Portuguese,0.8947368421,13,10
AL_CP_9,3,Portuguese,0.8947368421,19,12
C_PLF_1,1,French,0.7368421053,15,8
C_PLF_1,1,Portuguese,0.6842105263,15,12
C_PLF_1,2,French,0.9473684211,20,16
C_PLF_1,2,Portuguese,1,21,15
C_PLF_1,3,French,0.8421052632,22,16
C_PLF_1,3,Portuguese,0.9473684211,21,18
C_PLF_16,1,French,0.7894736842,22,8
C_PLF_16,1,Portuguese,0.5263157895,21,13
C_PLF_16,2,French,1,22,18
C_PLF_16,2,Portuguese,0.8947368421,22,16
C_PLF_16,3,French,0.9473684211,22,17
C_PLF_16,3,Portuguese,1,21,17
C_PLF_19,1,French,0.6842105263,16,11
C_PLF_19,1,Portuguese,0.6842105263,16,13
C_PLF_19,2,French,0.7368421053,20,13
C_PLF_19,2,Portuguese,0.8947368421,17,12
C_PLF_19,3,French,0.7894736842,18,14
C_PLF_19,3,Portuguese,0.9473684211,20,11
C_PLF_30,1,French,0.7368421053,16,11
C_PLF_30,2,French,0.5789473684,15,12
C_PLF_30,2,Portuguese,0.4736842105,14,10
C_PLF_30,3,French,0.8947368421,21,12
C_PLF_30,3,Portuguese,0.7368421053,21,15
C_PLF_7,1,French,0.7368421053,NA,9
C_PLF_7,1,Portuguese,0.5263157895,NA,10
C_PLF_7,3,French,0.8421052632,17,15
C_PLF_7,3,Portuguese,0.4736842105,10,11
D_PLF_1,1,French,0.6842105263,5,7
D_PLF_1,1,Portuguese,0.7368421053,12,7
D_PLF_1,2,French,0.8421052632,14,9
D_PLF_1,2,Portuguese,0.8421052632,11,9
D_PLF_1,3,French,0.8421052632,18,9
D_PLF_1,3,Portuguese,0.8947368421,20,12
D_PLF_10,3,French,0.7894736842,14,10
D_PLF_10,3,Portuguese,0.8421052632,17,8
D_PLF_2,1,French,0.7894736842,20,11
D_PLF_2,1,Portuguese,0.7368421053,17,9
D_PLF_2,2,French,0.8421052632,16,11
D_PLF_2,2,Portuguese,1,19,10
D_PLF_2,3,French,0.8421052632,21,9
D_PLF_2,3,Portuguese,0.8421052632,20,13
D_PLF_3,1,French,0.6842105263,19,9
D_PLF_3,1,Portuguese,0.6842105263,19,10
D_PLF_3,2,French,0.7368421053,19,9
D_PLF_3,2,Portuguese,0.6315789474,18,9
D_PLF_3,3,French,0.8947368421,21,11
D_PLF_3,3,Portuguese,0.8421052632,20,11
D_PLF_4,1,French,0.6315789474,11,8
D_PLF_4,1,Portuguese,0.4210526316,11,8
D_PLF_4,2,French,0.5789473684,10,9
D_PLF_4,2,Portuguese,0.5263157895,7,10
D_PLF_4,3,French,0.5789473684,16,7
D_PLF_4,3,Portuguese,0.5789473684,20,13
D_PLF_5,1,French,0.4210526316,5,8
D_PLF_5,1,Portuguese,0.5263157895,9,8
D_PLF_5,2,French,0.6842105263,10,7
D_PLF_5,2,Portuguese,0.5789473684,10,6
D_PLF_5,3,French,0.7368421053,13,7
D_PLF_5,3,Portuguese,0.6315789474,13,6
D_PLF_6,1,French,0.5789473684,8,5
D_PLF_6,1,Portuguese,0.2631578947,10,7
D_PLF_6,2,French,0.4736842105,9,10
D_PLF_6,2,Portuguese,0.5789473684,9,8
D_PLF_6,3,French,0.6842105263,8,5
D_PLF_6,3,Portuguese,0.6315789474,14,NA
D_PLF_7,1,French,0.6315789474,8,7
D_PLF_7,1,Portuguese,0.5263157895,9,NA
D_PLF_7,2,French,0.4210526316,12,7
D_PLF_7,2,Portuguese,0.5789473684,8,11
D_PLF_7,3,French,0.4736842105,17,8
D_PLF_7,3,Portuguese,0.8421052632,15,9
D_PLF_8,2,French,0.6842105263,12,NA
D_PLF_8,2,Portuguese,0.5263157895,15,11
D_PLF_8,3,French,0.6842105263,13,NA
D_PLF_8,3,Portuguese,0.7894736842,12,7
D_PLF_9,3,French,0.7894736842,20,10
D_PLF_9,3,Portuguese,0.7368421053,16,9
E_PLD_1,1,German,0.4736842105,11,6
E_PLD_1,1,Portuguese,0.3684210526,12,11
E_PLD_1,2,German,0.6842105263,15,7
E_PLD_1,2,Portuguese,0.5263157895,15,8
E_PLD_1,3,German,0.8421052632,17,7
E_PLD_1,3,Portuguese,0.8421052632,21,9
E_PLD_10,1,German,0.5789473684,12,7
E_PLD_10,1,Portuguese,0.3684210526,16,9
E_PLD_10,2,German,0.7368421053,13,8
E_PLD_10,2,Portuguese,0.5789473684,16,9
E_PLD_10,3,German,0.5263157895,14,12
E_PLD_10,3,Portuguese,0.3684210526,15,9
E_PLD_11,1,German,0.3157894737,7,6
E_PLD_11,1,Portuguese,0.4736842105,8,11
E_PLD_11,2,German,0.2631578947,16,7
E_PLD_11,2,Portuguese,0.4210526316,10,10
E_PLD_12,1,German,0.1578947368,0,5
E_PLD_12,1,Portuguese,0.3157894737,5,7
E_PLD_12,2,German,0.5263157895,4,5
E_PLD_12,3,German,0.5789473684,7,6
E_PLD_12,3,Portuguese,0.7368421053,11,12
E_PLD_13,1,German,0.5263157895,11,8
E_PLD_13,1,Portuguese,0.3684210526,15,10
E_PLD_13,2,German,0.4210526316,11,5
E_PLD_13,2,Portuguese,0.4736842105,8,6
E_PLD_13,3,German,0.6842105263,13,6
E_PLD_13,3,Portuguese,0.7368421053,20,13
E_PLD_14,1,German,0.7894736842,9,10
E_PLD_14,1,Portuguese,0.8421052632,11,9
E_PLD_14,2,German,0.9473684211,12,5
E_PLD_14,2,Portuguese,0.8947368421,19,11
E_PLD_14,3,German,0.7894736842,18,10
E_PLD_14,3,Portuguese,0.8947368421,20,11
E_PLD_15,1,German,0.7368421053,16,3
E_PLD_15,1,Portuguese,0.6842105263,12,7
E_PLD_15,2,Portuguese,0.6315789474,12,11
E_PLD_15,3,German,1,13,6
E_PLD_15,3,Portuguese,0.7368421053,17,12
E_PLD_16,1,German,0.3157894737,6,4
E_PLD_16,1,Portuguese,0.4210526316,10,7
E_PLD_16,2,German,0.4210526316,9,5
E_PLD_16,2,Portuguese,0.5789473684,9,11
E_PLD_16,3,German,0.4736842105,13,5
E_PLD_16,3,Portuguese,0.4210526316,16,7
E_PLD_18,1,German,0.3684210526,6,5
E_PLD_18,1,Portuguese,0.5263157895,7,6
E_PLD_18,2,German,0.4736842105,8,7
E_PLD_18,2,Portuguese,0.5263157895,12,9
E_PLD_18,3,German,0.6842105263,12,4
E_PLD_18,3,Portuguese,0.4736842105,8,7
E_PLD_2,1,German,0.3157894737,4,4
E_PLD_2,1,Portuguese,0.2105263158,4,8
E_PLD_2,2,Portuguese,0.5789473684,8,NA
E_PLD_2,3,German,0.5789473684,9,3
E_PLD_2,3,Portuguese,0.4210526316,18,10
E_PLD_3,1,German,0.4210526316,11,NA
E_PLD_3,1,Portuguese,0.7368421053,8,9
E_PLD_3,2,German,0.6842105263,11,5
E_PLD_3,2,Portuguese,0.6842105263,14,9
E_PLD_3,3,German,0.7368421053,11,NA
E_PLD_3,3,Portuguese,0.8947368421,20,8
E_PLD_4,1,German,0.3684210526,8,4
E_PLD_4,1,Portuguese,0.4210526316,11,8
E_PLD_4,2,German,0.5789473684,11,9
E_PLD_4,2,Portuguese,0.6842105263,10,NA
E_PLD_4,3,German,0.7368421053,11,5
E_PLD_4,3,Portuguese,0.5789473684,16,9
E_PLD_5,1,German,0.4210526316,7,3
E_PLD_5,1,Portuguese,0.3157894737,6,5
E_PLD_5,2,German,0.5789473684,7,5
E_PLD_5,2,Portuguese,0.4736842105,11,8
E_PLD_5,3,German,0.6842105263,13,7
E_PLD_5,3,Portuguese,0.6842105263,17,10
E_PLD_6,1,German,0.4736842105,9,7
E_PLD_6,1,Portuguese,0.4736842105,12,10
E_PLD_6,2,German,0.5789473684,10,9
E_PLD_6,2,Portuguese,0.6315789474,9,12
E_PLD_6,3,German,0.6842105263,14,6
E_PLD_6,3,Portuguese,0.7368421053,20,8
E_PLD_7,1,German,0.4736842105,3,6
E_PLD_7,1,Portuguese,0.4210526316,10,11
E_PLD_7,2,German,0.5263157895,11,5
E_PLD_7,2,Portuguese,0.5263157895,12,8
E_PLD_7,3,German,0.7368421053,8,3
E_PLD_7,3,Portuguese,0.3684210526,18,8
E_PLD_8,1,German,0.5263157895,8,8
E_PLD_8,1,Portuguese,0.5789473684,11,8
E_PLD_8,2,German,0.8421052632,14,12
E_PLD_8,2,Portuguese,0.8947368421,15,8
E_PLD_8,3,German,0.7894736842,19,8
E_PLD_8,3,Portuguese,0.8947368421,22,16
E_PLD_9,1,German,0.5789473684,9,14
E_PLD_9,1,Portuguese,0.6315789474,10,8
E_PLD_9,2,German,0.6842105263,13,7
E_PLD_9,2,Portuguese,0.7368421053,16,10
E_PLD_9,3,German,0.7368421053,13,10
E_PLD_9,3,Portuguese,0.7894736842,17,11
F_PLD_3,1,German,0.0526315789,9,6
F_PLD_3,1,Portuguese,0.3684210526,6,8
F_PLD_3,2,German,0.4210526316,11,7
F_PLD_3,2,Portuguese,0.5263157895,9,8
F_PLD_3,3,German,0.6315789474,16,8
F_PLD_3,3,Portuguese,0.6842105263,19,NA
F_PLD_4,1,German,0.6315789474,8,5
F_PLD_4,1,Portuguese,0.4736842105,7,8
F_PLD_4,2,German,0.4210526316,6,6
F_PLD_4,2,Portuguese,0.3684210526,10,10
F_PLD_4,3,German,0.6842105263,10,6
F_PLD_5,1,German,0.4210526316,10,4
F_PLD_5,1,Portuguese,0.4210526316,12,8
F_PLD_5,2,German,0.6842105263,11,8
F_PLD_5,2,Portuguese,0.4736842105,11,9
F_PLD_5,3,German,0.6315789474,10,9
F_PLD_5,3,Portuguese,0.4736842105,20,NA
F_PLD_6,1,German,0.4736842105,10,8
F_PLD_6,1,Portuguese,0.5263157895,10,NA
F_PLD_6,2,German,0.6315789474,7,8
F_PLD_6,2,Portuguese,0.6315789474,9,4
F_PLD_6,3,German,0.4736842105,11,3
F_PLD_6,3,Portuguese,0.4736842105,16,NA
F_PLD_7,1,German,0.4210526316,8,6
F_PLD_7,1,Portuguese,0.5263157895,12,6
F_PLD_7,2,German,0.7894736842,14,8
F_PLD_7,2,Portuguese,0.6315789474,12,7
F_PLD_7,3,German,0.6315789474,12,5
F_PLD_7,3,Portuguese,0.7368421053,20,NA
F_PLD_8,1,German,0.5789473684,7,6
F_PLD_8,1,Portuguese,0.3684210526,9,8
F_PLD_8,2,German,0.5263157895,7,7
F_PLD_8,2,Portuguese,0.4210526316,8,10
F_PLD_8,3,German,0.5789473684,10,8
F_PLD_8,3,Portuguese,0.6315789474,12,NA
F_PLD_9,1,German,0.3684210526,6,4
F_PLD_9,1,Portuguese,0.3157894737,11,NA
F_PLD_9,2,German,0.5789473684,8,NA
F_PLD_9,2,Portuguese,0.5263157895,8,8
F_PLD_9,3,German,0.6842105263,11,7
F_PLD_9,3,Portuguese,0.6842105263,13,NA
H_PLD_11,1,Portuguese,0,0,NA
H_PLD_12,1,German,0.3157894737,9,6
H_PLD_12,1,Portuguese,0.1052631579,6,7
H_PLD_12,2,German,0.3157894737,11,9
H_PLD_12,2,Portuguese,0.4210526316,10,NA
H_PLD_12,3,German,0.5789473684,16,11
H_PLD_12,3,Portuguese,0.4736842105,15,NA
H_PLD_2,1,German,0.3684210526,11,6
H_PLD_2,1,Portuguese,0.1052631579,10,6
H_PLD_2,2,German,0.3684210526,14,8
H_PLD_2,2,Portuguese,0.3157894737,11,8
H_PLD_2,3,German,0.4210526316,12,5
H_PLD_2,3,Portuguese,0.5789473684,12,NA
H_PLD_4,1,German,0.1578947368,6,4
H_PLD_4,1,Portuguese,0.2631578947,11,7
H_PLD_4,2,German,0.3157894737,10,8
H_PLD_4,2,Portuguese,0.4210526316,NA,12
H_PLD_4,3,Portuguese,0.5263157895,19,NA
H_PLD_5,1,German,0.1052631579,5,6
H_PLD_5,1,Portuguese,0.1578947368,6,NA
H_PLD_6,1,German,0.3157894737,8,3
H_PLD_6,1,Portuguese,0.6315789474,9,4
H_PLD_6,2,German,0.4210526316,13,8
H_PLD_7,1,German,0.6315789474,11,8
H_PLD_7,1,Portuguese,0.5789473684,6,10
H_PLD_7,2,Portuguese,0.5789473684,13,7
H_PLD_7,3,German,0.8947368421,9,9
H_PLD_7,3,Portuguese,0.7894736842,13,NA
H_PLD_9,1,Portuguese,0.6315789474,17,11
H_PLD_9,2,German,0.8421052632,20,10
H_PLD_9,2,Portuguese,0.8421052632,20,NA
H_PLD_9,3,German,0.7894736842,15,13
H_PLD_9,3,Portuguese,0.8947368421,23,NA
I_PLD_3,1,German,0.4210526316,9,6
I_PLD_3,1,Portuguese,0.2631578947,10,11
I_PLD_3,2,German,0.6842105263,9,7
I_PLD_3,2,Portuguese,0.6315789474,8,10
I_PLD_3,3,German,0.7894736842,9,6
I_PLD_3,3,Portuguese,0.7894736842,13,9
I_PLD_4,1,German,0.3684210526,9,10
I_PLD_4,2,German,0.3684210526,10,7
I_PLD_4,2,Portuguese,0.2105263158,10,7
I_PLD_4,3,German,0.4210526316,9,7
I_PLD_4,3,Portuguese,0.3157894737,12,8
J_PLD_1,1,German,0.4210526316,4,5
J_PLD_1,1,Portuguese,0.4210526316,5,7
J_PLD_1,2,German,0.4736842105,8,6
J_PLD_1,2,Portuguese,0.3684210526,12,8
J_PLD_2,1,German,0.5263157895,NA,NA
J_PLD_2,1,Portuguese,0.1578947368,9,9
J_PLD_2,2,German,0.8947368421,NA,NA
J_PLD_2,2,Portuguese,0.6842105263,8,6
J_PLD_2,3,German,0.8947368421,12,9
J_PLD_2,3,Portuguese,0.7894736842,NA,9
J_PLD_4,1,German,0.5263157895,12,6
J_PLD_4,1,Portuguese,0.3684210526,6,NA
J_PLD_4,2,German,0.6842105263,13,4
J_PLD_4,3,German,0.5263157895,17,9
J_PLD_5,1,German,0.7894736842,8,11
J_PLD_5,1,Portuguese,0.7894736842,13,9
J_PLD_5,2,German,0.9473684211,12,NA
J_PLD_5,2,Portuguese,0.9473684211,19,NA
J_PLD_5,3,German,0.9473684211,18,6
J_PLD_5,3,Portuguese,1,16,7
J_PLD_6,1,German,0.3684210526,8,6
J_PLD_6,1,Portuguese,0.5263157895,6,NA
J_PLD_6,2,German,0.3684210526,8,6
J_PLD_6,2,Portuguese,0.6315789474,13,9
J_PLD_6,3,German,0.6315789474,5,5
J_PLD_6,3,Portuguese,0.7368421053,12,10
J_PLD_8,1,German,0.6842105263,8,5
J_PLD_8,1,Portuguese,0.2105263158,8,8
J_PLD_8,2,German,0.6842105263,11,9
J_PLD_8,2,Portuguese,0.6315789474,14,NA
J_PLD_8,3,German,0.8421052632,15,7
J_PLD_8,3,Portuguese,0.7368421053,14,6
L_PLD_1,1,German,0.4736842105,3,2
L_PLD_1,1,Portuguese,0.5263157895,11,4
L_PLD_1,2,German,0.4736842105,9,4
L_PLD_1,2,Portuguese,0.5789473684,3,4
L_PLD_1,3,German,0.6842105263,NA,NA
L_PLD_1,3,Portuguese,0.5789473684,9,7
L_PLD_10,1,German,0.5789473684,3,3
L_PLD_10,1,Portuguese,0.4736842105,11,7
L_PLD_10,2,German,0.2631578947,5,8
L_PLD_10,2,Portuguese,0.3157894737,9,6
L_PLD_11,1,German,0.3684210526,5,5
L_PLD_11,1,Portuguese,0.5789473684,6,5
L_PLD_11,2,German,0.4736842105,7,4
L_PLD_11,2,Portuguese,0.3684210526,6,NA
L_PLD_13,1,German,0.4210526316,8,5
L_PLD_13,1,Portuguese,0.5263157895,12,9
L_PLD_13,2,German,0.4210526316,11,6
L_PLD_13,2,Portuguese,0.3684210526,12,7
L_PLD_13,3,German,0.5263157895,14,4
L_PLD_13,3,Portuguese,0.4210526316,15,9
L_PLD_14,1,German,0.1578947368,8,7
L_PLD_14,2,German,0.3684210526,9,2
L_PLD_14,3,German,0.6315789474,10,8
L_PLD_14,3,Portuguese,0.6315789474,12,7
L_PLD_16,1,German,0.8421052632,11,10
L_PLD_16,1,Portuguese,0.9473684211,12,8
L_PLD_16,2,German,0.7894736842,13,NA
L_PLD_16,3,German,0.8421052632,NA,NA
L_PLD_16,3,Portuguese,0.8947368421,15,9
L_PLD_17,1,German,0.3157894737,10,5
L_PLD_17,1,Portuguese,0.4210526316,9,7
L_PLD_17,2,German,0.5263157895,13,4
L_PLD_17,2,Portuguese,0.5263157895,15,12
L_PLD_17,3,German,1,17,4
L_PLD_17,3,Portuguese,0.7894736842,18,7
L_PLD_18,1,German,0.3157894737,9,8
L_PLD_18,1,Portuguese,0.5789473684,6,9
L_PLD_18,2,German,0.5263157895,11,5
L_PLD_18,2,Portuguese,0.5263157895,11,9
L_PLD_18,3,German,0.5789473684,11,9
L_PLD_18,3,Portuguese,0.5263157895,12,7
L_PLD_19,3,German,NA,8,8
L_PLD_19,3,Portuguese,NA,13,13
L_PLD_2,1,German,0.2105263158,8,7
L_PLD_2,1,Portuguese,0.3157894737,6,4
L_PLD_2,2,German,0.3157894737,11,4
L_PLD_2,2,Portuguese,0.5263157895,10,NA
L_PLD_2,3,German,0.4736842105,6,6
L_PLD_2,3,Portuguese,0.3684210526,12,10
L_PLD_3,1,German,0.4210526316,9,5
L_PLD_3,1,Portuguese,0.4210526316,7,8
L_PLD_3,2,German,0.4210526316,10,10
L_PLD_3,2,Portuguese,0.4210526316,8,8
L_PLD_3,3,German,0.5263157895,8,10
L_PLD_3,3,Portuguese,0.5263157895,17,12
L_PLD_4,1,German,0.5789473684,6,4
L_PLD_4,1,Portuguese,0.3684210526,4,NA
L_PLD_4,2,German,0.4210526316,6,NA
L_PLD_4,2,Portuguese,0.5263157895,9,NA
L_PLD_4,3,German,0.4210526316,9,11
L_PLD_4,3,Portuguese,0.3684210526,10,7
L_PLD_5,1,German,0.3157894737,5,5
L_PLD_5,1,Portuguese,0.5263157895,3,9
L_PLD_5,2,German,0.4736842105,11,7
L_PLD_5,2,Portuguese,0.4736842105,11,7
L_PLD_5,3,German,0.4736842105,13,7
L_PLD_5,3,Portuguese,0.5263157895,14,8
L_PLD_6,1,German,0.5263157895,6,6
L_PLD_6,1,Portuguese,0.6842105263,11,NA
L_PLD_6,2,German,0.4736842105,7,7
L_PLD_6,2,Portuguese,0.4210526316,7,9
L_PLD_6,3,German,0.7368421053,NA,NA
L_PLD_6,3,Portuguese,0.4210526316,17,7
L_PLD_7,1,German,0.6315789474,8,8
L_PLD_7,1,Portuguese,0.6315789474,6,6
L_PLD_7,2,German,0.6315789474,11,7
L_PLD_7,2,Portuguese,0.7368421053,9,11
L_PLD_8,1,German,0.4736842105,9,5
L_PLD_8,1,Portuguese,0.5263157895,6,5
L_PLD_8,2,German,0.5263157895,10,8
L_PLD_8,2,Portuguese,0.5263157895,14,10
L_PLD_8,3,German,0.7894736842,14,8
L_PLD_8,3,Portuguese,0.9473684211,16,9
L_PLD_9,1,German,0.4736842105,4,4
L_PLD_9,1,Portuguese,0.2631578947,6,7
L_PLD_9,2,German,0.3157894737,9,7
L_PLD_9,2,Portuguese,0.5263157895,7,9
L_PLD_9,3,German,0.6315789474,11,7
L_PLD_9,3,Portuguese,0.5789473684,13,11
M_PLD_1,1,German,0.4210526316,11,8
M_PLD_1,1,Portuguese,0.5263157895,14,11
M_PLD_1,2,German,0.4736842105,15,3
M_PLD_1,2,Portuguese,0.7368421053,18,9
M_PLD_1,3,German,0.8421052632,15,6
M_PLD_1,3,Portuguese,0.7368421053,19,13
M_PLD_10,1,German,0.3157894737,4,4
M_PLD_10,1,Portuguese,0.3684210526,9,11
M_PLD_10,3,German,0.5263157895,13,7
M_PLD_10,3,Portuguese,0.5789473684,15,4
M_PLD_11,1,German,0.3157894737,9,5
M_PLD_11,1,Portuguese,0.4736842105,11,10
M_PLD_11,2,German,0.5789473684,17,9
M_PLD_11,2,Portuguese,0.5263157895,14,9
M_PLD_11,3,German,0.8421052632,19,9
M_PLD_11,3,Portuguese,0.7894736842,14,12
M_PLD_12,1,German,0.8421052632,14,6
M_PLD_12,1,Portuguese,0.7894736842,18,6
M_PLD_12,2,Portuguese,0.6842105263,12,10
M_PLD_12,3,German,0.7894736842,17,9
M_PLD_12,3,Portuguese,0.8421052632,21,10
M_PLD_13,1,German,0.3684210526,10,7
M_PLD_13,1,Portuguese,0.6315789474,10,7
M_PLD_13,2,German,0.5789473684,15,6
M_PLD_13,2,Portuguese,0.7894736842,NA,11
M_PLD_13,3,German,NA,11,NA
M_PLD_13,3,Portuguese,0.8421052632,21,11
M_PLD_14,1,German,0.4210526316,2,7
M_PLD_14,1,Portuguese,0.4736842105,4,NA
M_PLD_14,2,German,0.5263157895,9,4
M_PLD_14,3,German,0.5789473684,NA,10
M_PLD_14,3,Portuguese,0.3684210526,11,11
M_PLD_16,2,German,0.4210526316,6,7
M_PLD_16,2,Portuguese,0.5263157895,5,4
M_PLD_16,3,Portuguese,0.6315789474,NA,10
M_PLD_2,1,German,0.2105263158,6,4
M_PLD_2,1,Portuguese,0.1578947368,5,NA
M_PLD_2,2,German,0.3684210526,7,6
M_PLD_2,2,Portuguese,0.3157894737,9,5
M_PLD_2,3,German,0.3157894737,11,5
M_PLD_2,3,Portuguese,0.3684210526,9,6
M_PLD_3,1,German,0.1578947368,14,7
M_PLD_3,1,Portuguese,0.3684210526,9,3
M_PLD_3,2,German,0.5263157895,13,NA
M_PLD_3,2,Portuguese,0.6842105263,11,5
M_PLD_3,3,German,0.5789473684,9,5
M_PLD_3,3,Portuguese,0.6842105263,8,8
M_PLD_4,1,German,0.5789473684,9,4
M_PLD_4,1,Portuguese,0.6842105263,16,8
M_PLD_4,2,German,0.5789473684,16,6
M_PLD_4,2,Portuguese,0.5263157895,15,6
M_PLD_4,3,German,0.7894736842,14,6
M_PLD_4,3,Portuguese,0.7368421053,20,11
M_PLD_5,1,German,0.0526315789,3,NA
M_PLD_5,1,Portuguese,0.1578947368,1,NA
M_PLD_5,2,German,0.2105263158,6,4
M_PLD_5,2,Portuguese,0.3684210526,8,NA
M_PLD_5,3,German,0.2105263158,5,5
M_PLD_5,3,Portuguese,0.4210526316,9,8
M_PLD_6,1,German,0.4210526316,8,4
M_PLD_6,1,Portuguese,0.2631578947,4,NA
M_PLD_6,2,German,0.3684210526,9,8
M_PLD_6,2,Portuguese,0.4210526316,8,NA
M_PLD_6,3,German,0.4210526316,7,6
M_PLD_6,3,Portuguese,0.4736842105,11,8
M_PLD_7,1,German,0.3157894737,9,10
M_PLD_7,1,Portuguese,0.3684210526,7,8
M_PLD_7,3,German,0.4736842105,10,7
M_PLD_7,3,Portuguese,0.5789473684,11,9
M_PLD_8,1,German,0.0526315789,7,4
M_PLD_8,1,Portuguese,0.2631578947,5,NA
M_PLD_8,2,German,0,8,7
M_PLD_8,2,Portuguese,0.4736842105,8,7
M_PLD_8,3,German,0.2105263158,9,7
M_PLD_8,3,Portuguese,0.5263157895,8,8
M_PLD_9,1,German,0.7368421053,6,5
M_PLD_9,1,Portuguese,0.4210526316,5,NA
M_PLD_9,2,German,0.4736842105,10,5
M_PLD_9,2,Portuguese,0.4736842105,6,10
M_PLD_9,3,German,0.6842105263,11,5
M_PLD_9,3,Portuguese,0.6315789474,14,8
N_CD_1,1,German,0.3684210526,11,8
N_CD_1,2,German,0.6842105263,10,8
N_CD_1,3,German,0.9473684211,14,5
N_CD_10,1,German,0.7368421053,17,9
N_CD_10,2,German,0.9473684211,19,10
N_CD_11,1,German,0.4736842105,12,4
N_CD_11,2,German,0.6315789474,15,5
N_CD_11,3,German,0.7894736842,12,10
N_CD_12,1,German,0.3684210526,8,11
N_CD_12,2,German,0.7894736842,18,10
N_CD_12,3,German,1,13,9
N_CD_13,1,German,0.3157894737,6,6
N_CD_13,2,German,0.4736842105,8,3
N_CD_13,3,German,0.4736842105,13,7
N_CD_14,1,German,0.4210526316,8,6
N_CD_14,2,German,0.5789473684,9,4
N_CD_16,1,German,0.3157894737,9,7
N_CD_16,2,German,0.5789473684,17,6
N_CD_16,3,German,0.4736842105,16,7
N_CD_17,1,German,0.4736842105,10,7
N_CD_17,2,German,0.8421052632,11,8
N_CD_17,3,German,0.6842105263,15,4
N_CD_18,1,German,0.3157894737,8,6
N_CD_18,2,German,0.7368421053,18,10
N_CD_18,3,German,0.8947368421,17,8
N_CD_19,1,German,0.3157894737,4,6
N_CD_19,2,German,0.6842105263,11,8
N_CD_19,3,German,0.8947368421,16,7
N_CD_2,1,German,0.2631578947,10,6
N_CD_2,2,German,0.5789473684,8,6
N_CD_2,3,German,0.6315789474,15,6
N_CD_20,1,German,0.6315789474,8,9
N_CD_20,2,German,0.8421052632,11,5
N_CD_20,3,German,1,17,6
N_CD_21,1,German,NA,13,NA
N_CD_21,2,German,NA,NA,8
N_CD_21,3,German,NA,NA,9
N_CD_3,1,German,0.4210526316,9,9
N_CD_3,2,German,0.7368421053,10,6
N_CD_3,3,German,0.8947368421,13,8
N_CD_4,1,German,0.4210526316,11,7
N_CD_4,2,German,0.6842105263,12,5
N_CD_4,3,German,0.7894736842,11,4
N_CD_5,1,German,0.7368421053,15,10
N_CD_5,2,German,0.7894736842,14,12
N_CD_5,3,German,0.8947368421,17,11
N_CD_6,1,German,0.8421052632,14,5
N_CD_6,2,German,0.9473684211,14,9
N_CD_6,3,German,0.9473684211,19,9
N_CD_7,1,German,0.8421052632,11,8
N_CD_7,2,German,0.9473684211,15,6
N_CD_7,3,German,0.9473684211,15,7
N_CD_8,1,German,0.6315789474,4,8
N_CD_8,2,German,0.5263157895,9,7
N_CD_8,3,German,0.6842105263,15,7
N_CD_9,1,German,0.8421052632,14,6
N_CD_9,2,German,0.7894736842,12,11
N_CD_9,3,German,0.9473684211,19,13
O_PLD_1,1,German,0.6842105263,16,7
O_PLD_1,1,Portuguese,0.5263157895,11,NA
O_PLD_1,2,German,0.7368421053,10,6
O_PLD_1,2,Portuguese,0.5263157895,15,7
O_PLD_1,3,German,0.8947368421,16,9
O_PLD_1,3,Portuguese,0.7894736842,18,11
O_PLD_10,1,German,0.4210526316,7,6
O_PLD_10,1,Portuguese,0.3684210526,13,8
O_PLD_10,2,German,0.5789473684,8,8
O_PLD_10,2,Portuguese,0.6315789474,10,6
O_PLD_10,3,German,NA,NA,6
O_PLD_10,3,Portuguese,0.7894736842,10,10
O_PLD_11,1,German,0.8947368421,12,9
O_PLD_11,1,Portuguese,0.4210526316,10,7
O_PLD_11,2,German,0.6842105263,13,6
O_PLD_11,2,Portuguese,0.6842105263,10,10
O_PLD_11,3,German,0.7894736842,14,9
O_PLD_11,3,Portuguese,0.6315789474,15,NA
O_PLD_13,1,German,0.4210526316,11,7
O_PLD_13,1,Portuguese,0.5789473684,9,7
O_PLD_13,2,German,0.5263157895,10,7
O_PLD_13,2,Portuguese,0.5263157895,9,6
O_PLD_16,1,German,0.5789473684,14,4
O_PLD_16,1,Portuguese,0.2105263158,NA,NA
O_PLD_16,2,German,0.8421052632,14,3
O_PLD_16,2,Portuguese,0.3157894737,8,6
O_PLD_16,3,German,0.6315789474,15,7
O_PLD_16,3,Portuguese,0.6315789474,14,8
O_PLD_17,1,German,0.5263157895,8,3
O_PLD_17,1,Portuguese,0,2,6
O_PLD_17,2,German,0.5789473684,10,4
O_PLD_17,2,Portuguese,0.2631578947,8,6
O_PLD_17,3,German,0.3684210526,15,8
O_PLD_17,3,Portuguese,0.3157894737,13,NA
O_PLD_19,1,German,0.9473684211,11,7
O_PLD_19,2,German,0.6315789474,12,3
O_PLD_19,2,Portuguese,0.4736842105,14,8
O_PLD_19,3,German,0.9473684211,15,10
O_PLD_19,3,Portuguese,0.9473684211,11,7
O_PLD_2,1,German,0.4736842105,11,8
O_PLD_2,1,Portuguese,0.2105263158,13,8
O_PLD_2,2,German,0.5263157895,13,NA
O_PLD_2,2,Portuguese,0.3684210526,13,8
O_PLD_2,3,German,0.7368421053,14,11
O_PLD_2,3,Portuguese,0.6842105263,17,8
O_PLD_20,1,German,0.3157894737,4,NA
O_PLD_20,2,German,NA,16,NA
O_PLD_20,2,Portuguese,0.2631578947,11,6
O_PLD_20,3,German,0.3684210526,12,8
O_PLD_20,3,Portuguese,0.4210526316,12,7
O_PLD_21,1,Portuguese,0.9473684211,13,8
O_PLD_21,3,German,1,20,12
O_PLD_21,3,Portuguese,0.8947368421,21,14
O_PLD_3,1,Portuguese,0.7368421053,NA,NA
O_PLD_3,2,German,0.7368421053,10,6
O_PLD_3,2,Portuguese,0.6315789474,NA,NA
O_PLD_4,1,German,0.5789473684,11,8
O_PLD_4,1,Portuguese,0.5789473684,12,8
O_PLD_4,2,German,0.7368421053,12,6
O_PLD_4,2,Portuguese,0.7894736842,15,7
O_PLD_4,3,German,0.9473684211,10,10
O_PLD_4,3,Portuguese,0.7894736842,12,10
O_PLD_5,1,Portuguese,0.4210526316,NA,8
O_PLD_5,2,Portuguese,0.5789473684,13,11
O_PLD_5,3,German,0.6842105263,11,10
O_PLD_5,3,Portuguese,0.6842105263,18,8
O_PLD_6,1,German,0.3157894737,4,5
O_PLD_6,1,Portuguese,0.4210526316,12,8
O_PLD_6,2,Portuguese,0.6315789474,16,11
O_PLD_6,3,German,0.4210526316,15,10
O_PLD_6,3,Portuguese,0.6315789474,18,9
O_PLD_7,1,German,0.3684210526,8,6
O_PLD_7,1,Portuguese,0.4210526316,11,7
O_PLD_8,1,Portuguese,0.3157894737,15,7
O_PLD_8,3,German,0.5263157895,7,10
O_PLD_8,3,Portuguese,0.5263157895,15,9
O_PLD_9,1,German,0.4736842105,10,8
O_PLD_9,1,Portuguese,0.2631578947,12,7
O_PLD_9,3,German,0.5789473684,16,8
O_PLD_9,3,Portuguese,0.4736842105,19,11
P_CF_1,1,French,0.7894736842,14,9
P_CF_1,2,French,0.7368421053,19,9
P_CF_1,3,French,0.7368421053,20,8
P_CF_10,1,French,0.7368421053,10,8
P_CF_10,2,French,0.9473684211,14,9
P_CF_10,3,French,0.8421052632,14,11
P_CF_11,1,French,0.7894736842,15,12
P_CF_11,2,French,0.6842105263,19,7
P_CF_11,3,French,0.9473684211,19,12
P_CF_12,1,French,0.4210526316,8,7
P_CF_12,2,French,0.5263157895,13,7
P_CF_12,3,French,0.7894736842,18,9
P_CF_17,2,French,0.5263157895,10,7
P_CF_17,3,French,0.4210526316,16,8
P_CF_2,1,French,0.4210526316,14,5
P_CF_2,2,French,0.5263157895,9,6
P_CF_2,3,French,0.4210526316,17,6
P_CF_3,1,French,0.5263157895,11,9
P_CF_3,2,French,0.8947368421,11,7
P_CF_3,3,French,0.6842105263,14,8
P_CF_4,1,French,0.2105263158,9,7
P_CF_4,2,French,0.5263157895,14,4
P_CF_4,3,French,0.6315789474,17,NA
P_CF_5,1,French,0.2105263158,14,6
P_CF_5,2,French,0.7368421053,8,9
P_CF_6,1,French,0.2105263158,8,5
P_CF_6,2,French,0.5789473684,11,4
P_CF_6,3,French,0.7368421053,16,NA
P_CF_7,1,French,0.6315789474,15,7
P_CF_7,2,French,0.8947368421,13,10
P_CF_8,1,French,0.8947368421,14,10
P_CF_8,2,French,0.7894736842,13,14
P_CF_8,3,French,0.8421052632,20,9
P_CF_9,1,French,1,22,17
P_CF_9,2,French,0.7368421053,22,15
P_CF_9,3,French,0.9473684211,24,14
Q_CF_10,1,French,0.3684210526,8,6
Q_CF_10,2,French,0.7368421053,7,12
Q_CF_10,3,French,0.6315789474,14,11
Q_CF_11,1,French,0.5789473684,6,NA
Q_CF_11,2,French,0.5789473684,10,4
Q_CF_11,3,French,0.4210526316,13,10
Q_CF_14,1,French,0.7368421053,15,7
Q_CF_14,2,French,0.6842105263,13,8
Q_CF_14,3,French,0.7894736842,19,9
Q_CF_15,1,French,0.6315789474,17,7
Q_CF_15,2,French,0.6842105263,18,7
Q_CF_15,3,French,0.8947368421,17,8
Q_CF_17,1,French,0.6842105263,5,4
Q_CF_17,2,French,0.6315789474,6,8
Q_CF_17,3,French,0.6315789474,15,NA
Q_CF_2,1,French,0.8947368421,18,10
Q_CF_2,2,French,0.7894736842,18,8
Q_CF_2,3,French,1,20,13
Q_CF_3,1,French,0.9473684211,20,12
Q_CF_3,2,French,1,20,12
Q_CF_3,3,French,1,19,13
Q_CF_4,1,French,0.3157894737,2,NA
Q_CF_4,2,French,0.4736842105,4,NA
Q_CF_5,1,French,0.4736842105,14,8
Q_CF_5,2,French,0.4736842105,16,5
Q_CF_5,3,French,0.6315789474,16,10
Q_CF_6,1,French,0.3684210526,10,7
Q_CF_6,2,French,0.7894736842,16,8
Q_CF_6,3,French,0.8947368421,18,8
Q_CF_7,1,French,0.6842105263,12,9
Q_CF_7,2,French,0.6315789474,21,8
Q_CF_7,3,French,0.7894736842,22,12
Q_CF_8,1,French,0.6842105263,16,11
Q_CF_8,2,French,0.5263157895,14,9
Q_CF_8,3,French,0.6842105263,22,13
Q_CF_9,1,French,0.6315789474,16,12
Q_CF_9,2,French,0.8421052632,21,11
Q_CF_9,3,French,0.8421052632,20,13
R_CF_1,1,French,0.5789473684,16,11
R_CF_1,2,French,0.6315789474,20,6
R_CF_1,3,French,0.6315789474,24,15
R_CF_11,1,French,0.6315789474,16,7
R_CF_11,2,French,0.6315789474,19,8
R_CF_11,3,French,0.9473684211,19,8
R_CF_12,1,French,0.0526315789,7,NA
R_CF_12,3,French,0.4736842105,14,11
R_CF_13,1,French,0.1578947368,5,NA
R_CF_13,2,French,0.5263157895,17,9
R_CF_13,3,French,0.6315789474,9,7
R_CF_14,1,French,0.5263157895,7,5
R_CF_14,2,French,0.5263157895,10,9
R_CF_14,3,French,0.6842105263,17,9
R_CF_15,1,French,0.9473684211,17,10
R_CF_15,2,French,0.8947368421,20,12
R_CF_15,3,French,0.8947368421,22,14
R_CF_16,1,French,0.4210526316,13,7
R_CF_16,2,French,0.7368421053,14,5
R_CF_16,3,French,0.6842105263,16,7
R_CF_17,1,French,0.6842105263,8,10
R_CF_17,2,French,0.6315789474,9,9
R_CF_17,3,French,0.6315789474,18,10
R_CF_2,1,French,0.6842105263,8,NA
R_CF_2,2,French,0.4210526316,7,NA
R_CF_2,3,French,0.4736842105,6,NA
R_CF_20,1,French,0.2631578947,5,NA
R_CF_20,2,French,0.5789473684,15,5
R_CF_21,2,French,0.3684210526,10,5
R_CF_21,3,French,0.7368421053,15,NA
R_CF_3,1,French,0.6842105263,8,6
R_CF_3,2,French,0.7368421053,11,9
R_CF_3,3,French,0.8421052632,14,14
R_CF_4,1,French,0.2105263158,13,11
R_CF_4,2,French,0.7894736842,19,8
R_CF_4,3,French,0.7894736842,20,11
R_CF_5,1,French,0.4736842105,12,10
R_CF_5,2,French,0.7894736842,9,8
R_CF_5,3,French,0.9473684211,12,7
R_CF_6,1,French,0.4736842105,16,5
R_CF_6,2,French,0.5789473684,18,8
R_CF_6,3,French,0.8421052632,19,6
R_CF_7,1,French,0.2105263158,15,10
R_CF_7,2,French,0.5263157895,13,8
R_CF_7,3,French,0.6315789474,12,8
R_CF_8,1,French,0.6842105263,17,13
R_CF_8,2,French,0.8421052632,17,10
R_CF_8,3,French,0.7894736842,20,13
R_CF_9,1,French,0.6315789474,13,8
R_CF_9,2,French,0.4210526316,11,NA
R_CF_9,3,French,0.6315789474,NA,12
S_CD_1,1,German,0.6842105263,11,8
S_CD_1,2,German,0.5263157895,12,10
S_CD_1,3,German,0.7368421053,15,8
S_CD_10,1,German,0.6315789474,11,7
S_CD_10,2,German,0.4736842105,12,3
S_CD_10,3,German,0.7894736842,14,5
S_CD_11,1,German,0.8947368421,16,7
S_CD_11,2,German,0.8421052632,19,8
S_CD_11,3,German,0.8947368421,23,7
S_CD_12,1,German,0.5263157895,7,5
S_CD_12,2,German,0.6315789474,16,5
S_CD_12,3,German,0.7368421053,17,10
S_CD_13,1,German,0.5789473684,8,7
S_CD_13,2,German,0.7894736842,17,5
S_CD_13,3,German,0.8947368421,16,4
S_CD_14,1,German,0.4736842105,8,3
S_CD_14,2,German,0.6315789474,10,6
S_CD_14,3,German,0.7894736842,19,6
S_CD_2,1,German,0.5789473684,7,NA
S_CD_2,2,German,0.4736842105,6,NA
S_CD_2,3,German,0.6315789474,12,4
S_CD_3,1,German,0.6315789474,8,5
S_CD_3,2,German,0.4736842105,8,4
S_CD_3,3,German,0.6842105263,8,8
S_CD_4,1,German,0.5263157895,5,5
S_CD_4,2,German,0.6842105263,11,5
S_CD_4,3,German,0.7894736842,16,11
S_CD_5,1,German,0.5789473684,9,6
S_CD_5,2,German,0.8947368421,9,6
S_CD_5,3,German,0.9473684211,18,12
S_CD_6,1,German,0.4736842105,11,8
S_CD_6,2,German,0.4736842105,15,6
S_CD_6,3,German,0.6842105263,8,8
S_CD_7,1,German,0.5263157895,13,6
S_CD_7,2,German,0.7894736842,13,7
S_CD_7,3,German,0.6842105263,17,9
S_CD_8,1,German,0.3684210526,10,NA
S_CD_8,2,German,0.5789473684,11,6
S_CD_8,3,German,0.5263157895,8,7
S_CD_9,1,German,0.3684210526,7,5
S_CD_9,2,German,0.4736842105,12,4
S_CD_9,3,German,0.5789473684,8,9
T_CF_1,1,French,0.7368421053,17,NA
T_CF_1,2,French,0.8947368421,17,8
T_CF_1,3,French,0.9473684211,21,14
T_CF_10,1,French,0.7368421053,8,NA
T_CF_10,2,French,0.7368421053,15,9
T_CF_10,3,French,0.9473684211,19,13
T_CF_11,1,French,0.3157894737,2,6
T_CF_11,2,French,0.3684210526,9,5
T_CF_11,3,French,0.3684210526,4,9
T_CF_13,1,French,0.6315789474,8,NA
T_CF_13,2,French,0.7894736842,16,9
T_CF_13,3,French,0.8421052632,19,15
T_CF_14,1,French,0.5263157895,9,NA
T_CF_15,1,French,0.7894736842,11,NA
T_CF_15,2,French,0.8421052632,16,11
T_CF_15,3,French,0.8947368421,20,NA
T_CF_17,1,French,0.7368421053,18,6
T_CF_17,2,French,0.7894736842,19,13
T_CF_17,3,French,0.8947368421,20,15
T_CF_18,1,French,0.7894736842,6,5
T_CF_18,2,French,0.7368421053,16,6
T_CF_18,3,French,0.7894736842,19,12
T_CF_19,1,French,0.7894736842,18,6
T_CF_19,2,French,0.9473684211,19,13
T_CF_19,3,French,0.9473684211,21,15
T_CF_2,1,French,0.4210526316,14,NA
T_CF_2,2,French,0.6315789474,13,7
T_CF_2,3,French,0.5789473684,17,9
T_CF_20,1,French,0.4210526316,9,NA
T_CF_20,2,French,0.5789473684,12,7
T_CF_20,3,French,0.8421052632,19,6
T_CF_21,1,French,NA,17,NA
T_CF_21,2,French,NA,18,11
T_CF_3,1,French,0.6842105263,9,NA
T_CF_3,2,French,1,15,6
T_CF_3,3,French,0.7894736842,19,12
T_CF_6,1,French,0.6315789474,11,NA
T_CF_6,2,French,0.7368421053,14,8
T_CF_6,3,French,0.7894736842,21,14
T_CF_7,1,French,0.8947368421,7,NA
T_CF_7,2,French,0.7894736842,16,7
T_CF_8,1,French,0.6315789474,13,NA
T_CF_8,2,French,0.8947368421,15,8
T_CF_9,1,French,0.5263157895,12,5
T_CF_9,2,French,0.8421052632,13,4
T_CF_9,3,French,0.6842105263,19,11
U_CD_1,1,German,0.3684210526,6,NA
U_CD_1,2,German,0.7894736842,12,7
U_CD_1,3,German,0.6315789474,9,6
U_CD_10,1,German,0.6842105263,11,2
U_CD_10,2,German,0.5263157895,13,NA
U_CD_10,3,German,0.8421052632,17,NA
U_CD_11,1,German,0.8421052632,9,8
U_CD_11,2,German,0.7368421053,18,8
U_CD_11,3,German,0.7368421053,18,10
U_CD_12,1,German,0.6315789474,11,7
U_CD_12,2,German,0.7368421053,16,9
U_CD_12,3,German,NA,6,NA
U_CD_13,1,German,0.6315789474,6,7
U_CD_13,2,German,0.5263157895,11,9
U_CD_13,3,German,0.6842105263,21,11
U_CD_14,1,German,0.4210526316,11,9
U_CD_14,2,German,0.8947368421,18,7
U_CD_14,3,German,0.8421052632,12,10
U_CD_15,1,German,0.4736842105,7,6
U_CD_15,2,German,0.7894736842,17,7
U_CD_15,3,German,0.6842105263,NA,6
U_CD_2,1,German,0.5789473684,10,7
U_CD_2,2,German,0.9473684211,16,4
U_CD_2,3,German,0.6842105263,16,9
U_CD_3,1,German,0.4210526316,3,NA
U_CD_3,2,German,0.3684210526,11,NA
U_CD_3,3,German,0.3684210526,8,NA
U_CD_4,1,German,0.6315789474,8,6
U_CD_4,2,German,0.5263157895,13,7
U_CD_4,3,German,0.5789473684,12,12
U_CD_5,1,German,0.4736842105,12,7
U_CD_5,2,German,0.8421052632,17,12
U_CD_5,3,German,0.6315789474,15,13
U_CD_6,1,German,0.5263157895,5,8
U_CD_6,2,German,0.6315789474,14,10
U_CD_6,3,German,0.6315789474,17,6
U_CD_7,1,German,0.6315789474,11,9
U_CD_7,2,German,0.9473684211,16,7
U_CD_7,3,German,0.7368421053,18,9
U_CD_8,1,German,0.6842105263,15,7
U_CD_8,2,German,0.5789473684,18,11
U_CD_8,3,German,0.6315789474,20,9
U_CD_9,1,German,0.5263157895,12,7
U_CD_9,2,German,0.7368421053,17,10
U_CD_9,3,German,0.7368421053,19,7
V_CD_1,2,German,0.3684210526,11,3
V_CD_1,3,German,0.6842105263,8,8
V_CD_10,1,German,0.4210526316,12,4
V_CD_10,2,German,0.4736842105,11,8
V_CD_10,3,German,0.6315789474,15,7
V_CD_11,1,German,0.6315789474,10,5
V_CD_11,2,German,0.6315789474,15,9
V_CD_11,3,German,0.7368421053,10,8
V_CD_12,1,German,0.4210526316,16,9
V_CD_12,2,German,0.5789473684,18,8
V_CD_12,3,German,0.7894736842,15,7
V_CD_13,1,German,0.3157894737,8,6
V_CD_13,2,German,0.3684210526,14,6
V_CD_13,3,German,0.4736842105,10,NA
V_CD_14,1,German,0.4210526316,10,5
V_CD_14,2,German,0.3684210526,12,9
V_CD_14,3,German,0.8947368421,12,8
V_CD_15,1,German,0.4210526316,9,7
V_CD_15,2,German,0.5263157895,10,7
V_CD_15,3,German,0.5263157895,15,9
V_CD_16,1,German,0.3157894737,12,8
V_CD_16,2,German,0.5263157895,14,8
V_CD_16,3,German,0.4736842105,16,8
V_CD_17,1,German,0.1578947368,9,7
V_CD_17,2,German,0.3684210526,13,9
V_CD_17,3,German,0.3157894737,17,7
V_CD_18,1,German,0.9473684211,13,7
V_CD_18,2,German,0.8421052632,15,12
V_CD_18,3,German,1,17,8
V_CD_19,1,German,0.6315789474,14,7
V_CD_19,2,German,0.8421052632,17,10
V_CD_19,3,German,0.8947368421,16,8
V_CD_2,1,German,0.5263157895,7,5
V_CD_2,2,German,0.4736842105,14,7
V_CD_2,3,German,0.3684210526,9,5
V_CD_20,1,German,0.3157894737,13,8
V_CD_20,2,German,0.6315789474,16,8
V_CD_20,3,German,0.7368421053,20,11
V_CD_21,1,German,0.5263157895,12,5
V_CD_21,2,German,0.8947368421,17,8
V_CD_21,3,German,0.8947368421,14,5
V_CD_22,1,German,0.7368421053,9,5
V_CD_22,2,German,0.7368421053,10,6
V_CD_22,3,German,0.9473684211,9,5
V_CD_23,1,German,0.2105263158,14,4
V_CD_23,2,German,0.6315789474,13,9
V_CD_23,3,German,0.8421052632,16,11
V_CD_24,1,German,0.6315789474,16,9
V_CD_24,2,German,0.9473684211,17,11
V_CD_24,3,German,0.9473684211,16,9
V_CD_25,1,German,0.4736842105,15,4
V_CD_25,2,German,0.8421052632,15,8
V_CD_25,3,German,NA,NA,6
V_CD_26,1,German,0.3684210526,11,7
V_CD_26,2,German,0.4736842105,17,9
V_CD_26,3,German,0.8421052632,17,12
V_CD_27,1,German,0.2105263158,14,8
V_CD_27,2,German,0.7894736842,15,7
V_CD_27,3,German,0.6842105263,15,6
V_CD_28,1,German,0.3157894737,9,8
V_CD_28,2,German,0.4736842105,16,7
V_CD_28,3,German,0.5789473684,16,8
V_CD_29,1,German,0.5263157895,10,5
V_CD_29,2,German,0.6315789474,10,3
V_CD_29,3,German,0.4736842105,9,7
V_CD_3,1,German,0.4736842105,9,7
V_CD_3,2,German,0.3684210526,15,9
V_CD_3,3,German,0.5789473684,9,11
V_CD_30,1,German,0.4210526316,14,7
V_CD_30,2,German,0.7368421053,11,9
V_CD_30,3,German,0.7894736842,16,6
V_CD_31,1,German,0.3157894737,11,NA
V_CD_31,2,German,0.3684210526,9,7
V_CD_31,3,German,0.6315789474,8,5
V_CD_4,1,German,0.2631578947,12,5
V_CD_4,2,German,0.4210526316,15,6
V_CD_4,3,German,0.6842105263,9,9
V_CD_5,1,German,0.7894736842,11,8
V_CD_5,2,German,0.7894736842,13,9
V_CD_5,3,German,0.8947368421,15,9
V_CD_6,1,German,0.2631578947,15,NA
V_CD_6,2,German,0.3157894737,18,10
V_CD_6,3,German,0.8421052632,15,9
V_CD_7,1,German,0.5789473684,11,6
V_CD_7,2,German,0.7894736842,13,6
V_CD_7,3,German,0.5789473684,13,6
V_CD_8,1,German,0.7368421053,7,6
V_CD_8,2,German,0.6842105263,19,10
V_CD_8,3,German,0.7894736842,16,8
V_CD_9,1,German,0.4210526316,16,7
V_CD_9,2,German,0.9473684211,19,7
V_CD_9,3,German,0.9473684211,17,11
W_CF_1,1,French,0.8947368421,15,NA
W_CF_1,2,French,0.7894736842,15,12
W_CF_1,3,French,0.8947368421,20,12
W_CF_10,1,French,0.1578947368,4,NA
W_CF_10,2,French,0.4736842105,20,NA
W_CF_10,3,French,0.4736842105,19,14
W_CF_11,1,French,0.5789473684,13,NA
W_CF_11,3,French,0.6842105263,18,10
W_CF_12,1,French,0.4210526316,7,NA
W_CF_12,2,French,0.4736842105,14,NA
W_CF_12,3,French,0.6315789474,20,9
W_CF_13,1,French,0,19,NA
W_CF_13,2,French,0,19,9
W_CF_13,3,French,0.4210526316,21,16
W_CF_14,1,French,0.7894736842,6,NA
W_CF_14,2,French,0.7894736842,7,NA
W_CF_14,3,French,0.8421052632,14,9
W_CF_15,1,French,0.7368421053,10,NA
W_CF_15,2,French,0.8947368421,20,9
W_CF_15,3,French,0.9473684211,20,13
W_CF_16,1,French,0.5263157895,8,NA
W_CF_16,2,French,0.8947368421,19,11
W_CF_16,3,French,1,17,11
W_CF_17,1,French,0.3684210526,8,NA
W_CF_17,2,French,0.7368421053,8,8
W_CF_17,3,French,1,18,10
W_CF_20,1,French,0.2631578947,7,NA
W_CF_20,2,French,0.7894736842,11,NA
W_CF_20,3,French,0.6842105263,18,10
W_CF_21,2,French,0.3157894737,14,NA
W_CF_22,2,French,0.6315789474,15,7
W_CF_22,3,French,0.7894736842,15,NA
W_CF_3,1,French,1,20,5
W_CF_3,2,French,0.9473684211,16,13
W_CF_3,3,French,1,20,12
W_CF_4,1,French,0.3157894737,12,8
W_CF_4,2,French,0.7368421053,12,12
W_CF_4,3,French,0.8421052632,11,10
W_CF_5,1,French,0.5789473684,2,NA
W_CF_5,2,French,0.4736842105,2,6
W_CF_5,3,French,0.6315789474,9,10
W_CF_6,1,French,0.8947368421,7,NA
W_CF_6,2,French,1,21,14
W_CF_6,3,French,1,21,14
W_CF_7,1,French,0.5789473684,13,NA
W_CF_7,2,French,0.8947368421,16,11
W_CF_7,3,French,0.9473684211,21,NA
W_CF_8,1,French,0.4736842105,15,NA
W_CF_8,3,French,0.7368421053,17,11
W_CF_9,1,French,0.1578947368,5,NA
W_CF_9,2,French,0.4210526316,4,NA
W_CF_9,3,French,0.5789473684,13,8
X_PND_1,1,German,0.3684210526,7,4
X_PND_1,1,Portuguese,0.9473684211,13,9
X_PND_1,2,German,0.6842105263,8,7
X_PND_1,2,Portuguese,0.8947368421,12,13
X_PND_1,3,German,0.6842105263,10,8
X_PND_1,3,Portuguese,0.9473684211,16,11
X_PND_2,1,German,0.4210526316,6,7
X_PND_2,1,Portuguese,0.4736842105,8,10
X_PND_2,2,German,0.4736842105,13,NA
X_PND_2,2,Portuguese,0.5263157895,15,11
X_PND_2,3,German,0.5789473684,15,9
X_PND_2,3,Portuguese,0.5263157895,19,7
X_PND_3,1,German,0.3684210526,12,NA
X_PND_3,1,Portuguese,0.7894736842,7,8
X_PND_3,2,German,0.6315789474,16,7
X_PND_3,2,Portuguese,0.6842105263,13,11
X_PND_3,3,German,0.8421052632,14,10
X_PND_3,3,Portuguese,0.7894736842,17,9
X_PND_4,1,German,0.3684210526,16,8
X_PND_4,1,Portuguese,0.4210526316,14,7
X_PND_4,2,German,0.4210526316,12,7
X_PND_4,2,Portuguese,0.6842105263,14,7
X_PND_4,3,German,0.6842105263,18,11
X_PND_4,3,Portuguese,0.9473684211,14,10
Y_PNF_1,1,French,0.3684210526,9,8
Y_PNF_1,1,Portuguese,0.5263157895,13,8
Y_PNF_1,2,French,0.4736842105,13,11
Y_PNF_1,2,Portuguese,0.6842105263,11,12
Y_PNF_1,3,Portuguese,0.7894736842,14,7
Y_PNF_10,1,Portuguese,0.6842105263,16,7
Y_PNF_10,3,French,0.9473684211,18,14
Y_PNF_10,3,Portuguese,0.9473684211,18,13
Y_PNF_11,1,French,0.2631578947,15,8
Y_PNF_11,1,Portuguese,0.2105263158,10,NA
Y_PNF_11,2,French,0.6842105263,14,4
Y_PNF_11,2,Portuguese,0.4736842105,18,6
Y_PNF_12,1,French,0.6842105263,17,10
Y_PNF_12,1,Portuguese,0.5789473684,13,9
Y_PNF_12,2,French,0.8947368421,12,9
Y_PNF_12,2,Portuguese,0.9473684211,16,8
Y_PNF_12,3,French,0.8947368421,21,15
Y_PNF_12,3,Portuguese,0.8421052632,20,10
Y_PNF_13,1,French,0.2631578947,NA,NA
Y_PNF_13,1,Portuguese,0.6315789474,13,8
Y_PNF_13,2,French,0.5263157895,8,7
Y_PNF_13,3,French,0.7368421053,21,13
Y_PNF_13,3,Portuguese,0.6315789474,18,9
Y_PNF_14,1,French,0.7368421053,11,8
Y_PNF_14,1,Portuguese,0.7368421053,11,10
Y_PNF_14,2,French,0.8947368421,12,8
Y_PNF_14,3,French,0.7894736842,18,12
Y_PNF_14,3,Portuguese,0.7368421053,15,7
Y_PNF_15,1,French,0.5263157895,14,9
Y_PNF_15,1,Portuguese,0.3684210526,9,6
Y_PNF_15,2,French,0.6842105263,10,8
Y_PNF_15,2,Portuguese,0.5263157895,7,NA
Y_PNF_15,3,French,0.4736842105,15,8
Y_PNF_15,3,Portuguese,0.5789473684,NA,9
Y_PNF_16,1,French,0.4736842105,16,6
Y_PNF_16,1,Portuguese,0.4736842105,15,7
Y_PNF_16,2,French,0.7368421053,12,9
Y_PNF_16,2,Portuguese,0.6315789474,11,12
Y_PNF_16,3,French,0.8421052632,13,9
Y_PNF_16,3,Portuguese,0.8421052632,12,3
Y_PNF_17,1,French,0.5263157895,9,7
Y_PNF_17,1,Portuguese,0.3684210526,11,9
Y_PNF_17,2,French,0.5263157895,13,6
Y_PNF_17,2,Portuguese,0.5789473684,11,8
Y_PNF_17,3,French,0.7894736842,16,9
Y_PNF_17,3,Portuguese,0.7368421053,18,12
Y_PNF_18,1,Portuguese,0,3,NA
Y_PNF_18,2,French,0.5789473684,13,8
Y_PNF_18,2,Portuguese,0.6315789474,14,7
Y_PNF_18,3,French,0.5789473684,12,12
Y_PNF_18,3,Portuguese,0.6842105263,14,10
Y_PNF_19,1,Portuguese,0.5789473684,11,6
Y_PNF_19,2,French,0.6842105263,19,10
Y_PNF_19,2,Portuguese,0.5789473684,12,9
Y_PNF_2,1,French,0.5263157895,15,8
Y_PNF_2,1,Portuguese,0.7368421053,13,8
Y_PNF_2,2,French,0.8947368421,21,12
Y_PNF_2,2,Portuguese,0.9473684211,21,14
Y_PNF_2,3,French,0.7368421053,18,10
Y_PNF_2,3,Portuguese,0.8421052632,17,10
Y_PNF_20,1,French,0.7368421053,9,7
Y_PNF_20,1,Portuguese,0.7894736842,4,9
Y_PNF_20,2,French,0.7894736842,14,6
Y_PNF_20,2,Portuguese,0.7894736842,15,11
Y_PNF_20,3,French,0.7894736842,19,7
Y_PNF_20,3,Portuguese,0.8421052632,16,8
Y_PNF_21,1,Portuguese,0.8421052632,12,6
Y_PNF_21,2,Portuguese,0.8421052632,0,NA
Y_PNF_22,1,French,0.2105263158,6,5
Y_PNF_22,1,Portuguese,0.3157894737,2,5
Y_PNF_22,2,French,0.4736842105,13,9
Y_PNF_22,3,French,0.4210526316,14,12
Y_PNF_22,3,Portuguese,0.3684210526,14,7
Y_PNF_23,1,French,0.5263157895,15,NA
Y_PNF_23,1,Portuguese,0.7368421053,15,10
Y_PNF_23,2,French,0.5263157895,21,12
Y_PNF_23,3,French,0.6315789474,11,10
Y_PNF_23,3,Portuguese,0.8421052632,14,11
Y_PNF_24,1,Portuguese,0.7894736842,15,10
Y_PNF_24,2,French,0.5263157895,10,9
Y_PNF_24,2,Portuguese,0.8421052632,19,8
Y_PNF_24,3,French,0.8947368421,18,14
Y_PNF_24,3,Portuguese,0.9473684211,20,11
Y_PNF_25,1,French,0.4210526316,8,10
Y_PNF_25,1,Portuguese,0.3684210526,8,7
Y_PNF_25,2,French,0.6315789474,13,8
Y_PNF_25,2,Portuguese,0.5263157895,9,8
Y_PNF_25,3,French,0.6842105263,7,7
Y_PNF_25,3,Portuguese,0.4736842105,NA,10
Y_PNF_26,1,Portuguese,0.5789473684,7,6
Y_PNF_26,2,French,0.3157894737,8,7
Y_PNF_26,2,Portuguese,0.7894736842,9,10
Y_PNF_26,3,French,0.6842105263,13,10
Y_PNF_26,3,Portuguese,0.8421052632,16,12
Y_PNF_27,1,French,0.6315789474,12,7
Y_PNF_27,1,Portuguese,0.4210526316,9,7
Y_PNF_27,2,French,0.7368421053,8,6
Y_PNF_27,2,Portuguese,0.4736842105,13,7
Y_PNF_27,3,French,0.9473684211,12,9
Y_PNF_27,3,Portuguese,0.7894736842,12,NA
Y_PNF_28,1,French,0.2631578947,8,NA
Y_PNF_28,1,Portuguese,0.4736842105,14,10
Y_PNF_28,2,French,0.5789473684,15,8
Y_PNF_28,2,Portuguese,0.6842105263,12,7
Y_PNF_28,3,French,0.7894736842,16,10
Y_PNF_28,3,Portuguese,0.7368421053,16,9
Y_PNF_29,1,Portuguese,0.1578947368,8,NA
Y_PNF_29,2,French,0.6842105263,14,9
Y_PNF_29,2,Portuguese,0.3684210526,0,NA
Y_PNF_29,3,French,0.5263157895,7,5
Y_PNF_29,3,Portuguese,0.2105263158,NA,NA
Y_PNF_3,1,French,0.5789473684,15,9
Y_PNF_3,1,Portuguese,0.8947368421,19,13
Y_PNF_3,2,French,0.7368421053,18,9
Y_PNF_3,2,Portuguese,0.7894736842,20,9
Y_PNF_3,3,French,0.7368421053,14,8
Y_PNF_3,3,Portuguese,0.7894736842,16,11
Y_PNF_30,1,French,0.3157894737,15,7
Y_PNF_30,1,Portuguese,0.5789473684,15,5
Y_PNF_31,1,French,0.3157894737,9,9
Y_PNF_31,2,French,0.5789473684,9,11
Y_PNF_31,2,Portuguese,0.7368421053,13,10
Y_PNF_31,3,French,0.6842105263,13,8
Y_PNF_31,3,Portuguese,0.7894736842,13,11
Y_PNF_32,1,French,0.4736842105,12,8
Y_PNF_32,2,French,0.7894736842,21,9
Y_PNF_32,2,Portuguese,0.6315789474,17,11
Y_PNF_32,3,French,0.8421052632,20,9
Y_PNF_32,3,Portuguese,0.7368421053,17,8
Y_PNF_33,1,French,0.4736842105,10,NA
Y_PNF_33,1,Portuguese,0.7894736842,21,13
Y_PNF_33,2,French,0.6842105263,17,9
Y_PNF_33,2,Portuguese,0.9473684211,17,12
Y_PNF_33,3,French,0.7368421053,19,13
Y_PNF_33,3,Portuguese,0.6315789474,15,12
Y_PNF_34,1,French,0.4210526316,9,8
Y_PNF_34,1,Portuguese,0.5789473684,9,6
Y_PNF_34,2,French,0.6315789474,11,8
Y_PNF_34,2,Portuguese,0.4210526316,11,7
Y_PNF_34,3,French,0.7368421053,13,9
Y_PNF_34,3,Portuguese,0.6315789474,10,7
Y_PNF_36,1,French,0.5789473684,9,NA
Y_PNF_36,2,French,0.6842105263,17,9
Y_PNF_36,2,Portuguese,0.5789473684,NA,8
Y_PNF_36,3,French,0.5789473684,17,11
Y_PNF_36,3,Portuguese,0.4210526316,20,9
Y_PNF_4,1,French,0.6315789474,11,8
Y_PNF_4,1,Portuguese,0.4736842105,7,NA
Y_PNF_4,2,French,0.5789473684,12,7
Y_PNF_4,2,Portuguese,0.3684210526,8,8
Y_PNF_4,3,French,0.4736842105,13,6
Y_PNF_4,3,Portuguese,0.6315789474,7,5
Y_PNF_5,1,French,0.6842105263,12,NA
Y_PNF_5,1,Portuguese,0.8421052632,9,NA
Y_PNF_5,2,French,0.7894736842,12,8
Y_PNF_5,2,Portuguese,0.8947368421,9,NA
Y_PNF_5,3,French,0.8947368421,13,8
Y_PNF_5,3,Portuguese,0.8421052632,9,6
Y_PNF_6,1,French,0.6842105263,10,6
Y_PNF_6,1,Portuguese,0.2105263158,4,7
Y_PNF_6,2,French,0.5789473684,10,8
Y_PNF_6,2,Portuguese,0.6315789474,8,6
Y_PNF_6,3,French,0.4210526316,8,9
Y_PNF_6,3,Portuguese,0.6842105263,5,7
Y_PNF_7,1,French,0.5789473684,16,10
Y_PNF_7,1,Portuguese,0.8421052632,19,10
Y_PNF_7,2,French,0.7368421053,12,10
Y_PNF_7,2,Portuguese,0.8421052632,16,9
Y_PNF_7,3,French,0.8947368421,12,11
Y_PNF_7,3,Portuguese,0.9473684211,17,8
Y_PNF_8,1,French,0.5263157895,13,9
Y_PNF_8,1,Portuguese,0.3684210526,7,5
Y_PNF_8,2,French,0.4736842105,13,8
Y_PNF_8,2,Portuguese,0.5789473684,5,7
Y_PNF_8,3,French,0.6842105263,9,10
Y_PNF_8,3,Portuguese,0.5789473684,8,8
Y_PNF_9,1,French,0.8947368421,15,8
Y_PNF_9,1,Portuguese,0.4210526316,7,NA
Y_PNF_9,2,French,0.8947368421,18,8
Y_PNF_9,2,Portuguese,0.5263157895,11,6
Y_PNF_9,3,French,1,18,13
Y_PNF_9,3,Portuguese,0.5263157895,3,8
Z_PLF_2,1,French,0.6842105263,8,7
Z_PLF_2,1,Portuguese,0.8421052632,9,6
Z_PLF_2,2,French,0.8421052632,NA,6
Z_PLF_2,2,Portuguese,0.9473684211,11,7
Z_PLF_2,3,French,0.8421052632,17,8
Z_PLF_2,3,Portuguese,0.7894736842,11,12
Z_PLF_3,1,French,0.6315789474,13,8
Z_PLF_3,1,Portuguese,0.7368421053,10,4
Z_PLF_3,2,French,0.7894736842,NA,5
Z_PLF_3,2,Portuguese,0.8947368421,7,5
Z_PLF_3,3,French,0.8421052632,11,6
Z_PLF_3,3,Portuguese,0.7894736842,11,12
Z_PLF_4,1,French,0.6315789474,9,5
Z_PLF_4,1,Portuguese,0.6842105263,13,4
Z_PLF_4,2,French,0.6315789474,NA,NA
Z_PLF_4,2,Portuguese,0.7368421053,10,8
Z_PLF_4,3,French,0.6315789474,18,13
Z_PLF_4,3,Portuguese,0.7894736842,15,10
Z_PLF_5,1,French,0.5263157895,5,NA
Z_PLF_5,2,French,0.6842105263,9,6
Z_PLF_5,2,Portuguese,0.4736842105,11,6
Z_PLF_5,3,French,0.6315789474,17,6
Z_PLF_5,3,Portuguese,0.6842105263,15,6
Z_PLF_6,1,French,0.5789473684,7,NA
Z_PLF_6,2,French,0.8947368421,11,10
Z_PLF_6,2,Portuguese,0.8421052632,13,NA
Z_PLF_6,3,French,0.8947368421,17,7
Z_PLF_6,3,Portuguese,0.8421052632,14,9
Z_PLF_7,1,French,0.5789473684,8,NA
Z_PLF_7,2,French,0.6842105263,14,12
Z_PLF_7,2,Portuguese,0.7894736842,16,8
Z_PLF_7,3,French,0.6315789474,18,9
Z_PLF_7,3,Portuguese,0.8421052632,18,8
Z_PLF_8,1,French,0.8947368421,9,NA
Z_PLF_8,2,French,0.9473684211,18,NA
Z_PLF_8,2,Portuguese,0.9473684211,13,11
Z_PLF_8,3,French,0.9473684211,19,9
Z_PLF_8,3,Portuguese,0.8947368421,19,13
